sidechain_smiles,monomer_smiles,linkage,source,link,molecular_weight,delta_D_corr,delta_P_corr,delta_H_corr,Ra_Water,Ra_Diiodomethane,Ra_n_Hexadecane,Ra_PTFE,RED_Water,RED_Diiodomethane,RED_n_Hexadecane,RED_PTFE,margin_dispersion,margin_polar,margin_hbonding,n_basic_N,incomplete_elements,n_unmatched_atoms,n_unavail_d,n_unavail_p,n_unavail_hb,n_uncovered_atoms,has_si,n_si_atoms
CCCCCCCCCCCCCCCCCCCCCCCCCCCCCCCCO,CCCCCCCCCCCCCCCCCCCCCCCCCCCCCCCCOC(=O)[C@@H]1[C@H](C(=O)OCCCCCCCCCCCCCCCCCCCCCCCCCCCCCCCC)[C@@H]2C=C[C@@H]1C2,ester,Oakwood Products,http://www.oakwoodchemical.com/ProductsList.aspx?CategoryID=-2&txtSearch=198864&ExtHyperLink=1,466.879,16.424336553030326,1.9728399621212087,2.313206628787879,42.416063644489086,4.630269698377455,3.0503869815629048,8.045231722241558,2.3829249238477015,0.6614670997682078,0.610077396312581,1.1493188174630797,12.138289962121238,-16.764703219696994,-16.083969886363658,0,,0,0,2,0,0,False,0
CC1(C)CCC(O)CC1,CC1(C)CCC(OC(=O)[C@@H]2[C@H](C(=O)OC3CCC(C)(C)CC3)[C@@H]3C=C[C@@H]2C3)CC1,ester,Sigma-Aldrich,https://www.sigmaaldrich.com/catalog/product/aldrich/anv00014?utm_source=pubchem&utm_campaign=pubchem_2017&utm_medium=referral,128.215,17.347127109766014,2.53889587879212,2.743652449260156,41.94703171805428,3.204751420636888,4.284801253466322,10.017823243747504,2.356574815621027,0.4578216315195554,0.8569602506932643,1.4311176062496433,12.064578781713738,-17.55188368023405,-17.142370539297975,0,,0,0,2,2,0,False,0
CCCCCCCCCCCCCCCCCCCCCCCCCCCCCCO,CCCCCCCCCCCCCCCCCCCCCCCCCCCCCCOC(=O)[C@@H]1[C@H](C(=O)OCCCCCCCCCCCCCCCCCCCCCCCCCCCCCC)[C@@H]2C=C[C@@H]1C2,ester,Sigma-Aldrich,https://www.sigmaaldrich.com/catalog/product/sigma/t3777?utm_source=pubchem&utm_campaign=pubchem_2017&utm_medium=referral,438.825,16.40960738636366,2.036923295454543,2.38670662878788,42.32431973679878,4.571259881309666,3.1453903032926283,8.055443680351862,2.3777707717302685,0.6530371259013809,0.6290780606585257,1.1507776686216946,11.985977462121237,-16.759390719697,-16.059824053030322,0,,0,0,2,0,0,False,0
CC1(CO)CCCCC1,CC1(COC(=O)[C@@H]2[C@H](C(=O)OCC3(C)CCCCC3)[C@@H]3C=C[C@@H]2C3)CCCCC1,ester,Sigma-Aldrich,https://www.sigmaaldrich.com/catalog/product/aldrich/cds006639?utm_source=pubchem&utm_campaign=pubchem_2017&utm_medium=referral,128.215,18.09734626591205,2.8533395392051606,3.2951876264019546,41.48728600512695,2.512041984197253,5.649922337301287,11.641528889102288,2.3307464047824125,0.35886314059960756,1.1299844674602573,1.663075555586041,11.948819100304936,-18.539194353108847,-17.655498178715256,0,,0,0,2,2,0,False,0
CCCCCCCCCCCCCCCCCCCCCCCCCCCO,CCCCCCCCCCCCCCCCCCCCCCCCCCCOC(=O)[C@@H]1[C@H](C(=O)OCCCCCCCCCCCCCCCCCCCCCCCCCCC)[C@@H]2C=C[C@@H]1C2,ester,Sigma-Aldrich,https://www.sigmaaldrich.com/catalog/product/sigma/h6764?utm_source=pubchem&utm_campaign=pubchem_2017&utm_medium=referral,396.744,16.399678219696987,2.106906628787876,2.439948295454547,42.250200578295996,4.519148661633118,3.2298833131940983,8.071113860188253,2.3736067740615727,0.6455926659475882,0.6459766626388197,1.153016265741179,11.852823295454565,-16.732719886363657,-16.066636553030317,0,,0,0,2,0,0,False,0
CCCCCCCCCCCCCCCCCCCCCCCCCCCCO,CCCCCCCCCCCCCCCCCCCCCCCCCCCCOC(=O)[C@@H]1[C@H](C(=O)OCCCCCCCCCCCCCCCCCCCCCCCCCCCC)[C@@H]2C=C[C@@H]1C2,ester,Sigma-Aldrich,https://www.sigmaaldrich.com/catalog/product/sigma/o3379?utm_source=pubchem&utm_campaign=pubchem_2017&utm_medium=referral,410.771,16.401419886363655,2.128923295454543,2.4248316287878806,42.257378679019205,4.51857040907002,3.233151218130569,8.075528436367026,2.374010038147146,0.6455100584385743,0.6466302436261138,1.1536469194810037,11.847664962121232,-16.697328219696992,-16.105511553030315,0,,0,0,2,0,0,False,0
CCCCCCCCCCCCCCCCCCCCCCCCCCO,CCCCCCCCCCCCCCCCCCCCCCCCCCOC(=O)[C@@H]1[C@H](C(=O)OCCCCCCCCCCCCCCCCCCCCCCCCCC)[C@@H]2C=C[C@@H]1C2,ester,Sigma-Aldrich,https://www.sigmaaldrich.com/catalog/product/sial/52191?utm_source=pubchem&utm_campaign=pubchem_2017&utm_medium=referral,382.717,16.403136553030322,2.118594128787876,2.4620524621212128,42.2257991697704,4.495268855008882,3.2546416090032846,8.087213656775043,2.372235908414067,0.6421812650012688,0.650928321800657,1.155316236682149,11.822489962121233,-16.74659488636366,-16.059678219696984,0,,0,0,2,0,0,False,0
CCCCCCCCCCCCCCCCCCCCCCCCO,CCCCCCCCCCCCCCCCCCCCCCCCOC(=O)[C@@H]1[C@H](C(=O)OCCCCCCCCCCCCCCCCCCCCCCCC)[C@@H]2C=C[C@@H]1C2,ester,Sigma-Aldrich,https://www.sigmaaldrich.com/catalog/product/sigma/l3507?utm_source=pubchem&utm_campaign=pubchem_2017&utm_medium=referral,354.663,16.41080530303032,2.1612045454545425,2.55148787878788,42.128075444802924,4.4086937959034405,3.3511202221963647,8.140098247004554,2.366745811505782,0.6298133994147772,0.670224044439273,1.1628711781435077,11.698112878787896,-16.80108863636366,-16.02052196969698,0,,0,0,2,0,0,False,0
CCCCCCCCCCCCCCCCCCCCCCCO,CCCCCCCCCCCCCCCCCCCCCCCOC(=O)[C@@H]1[C@H](C(=O)OCCCCCCCCCCCCCCCCCCCCCCC)[C@@H]2C=C[C@@H]1C2,ester,Sigma-Aldrich,https://www.sigmaaldrich.com/catalog/product/sigma/t9524?utm_source=pubchem&utm_campaign=pubchem_2017&utm_medium=referral,340.636,16.411763636363652,2.1892462121212093,2.573946212121213,42.09776147803143,4.381468942899232,3.386438028642058,8.156393519755303,2.365042779664687,0.6259241346998904,0.6772876057284116,1.1651990742507576,11.64857121212123,-16.796463636363658,-16.027063636363646,0,,0,0,2,0,0,False,0
CCCCCCCCCCCCCCC(CCCO)CCCCCCCCCCCCCC,CCCCCCCCCCCCCCC(CCCCCCCCCCCCCC)CCCOC(=O)[C@@H]1[C@H](C(=O)OCCCC(CCCCCCCCCCCCCC)CCCCCCCCCCCCCC)[C@@H]2C=C[C@@H]1C2,ester,Ambeed,https://www.ambeed.com/products/1413918-69-0.html,466.879,16.411732386363656,2.1647357954545425,2.619914962121213,42.06243820798131,4.360639810082487,3.4058731593409166,8.164426783601664,2.3630583262910845,0.6229485442974981,0.6811746318681833,1.1663466833716662,11.6270816287879,-16.866911553030327,-15.956553219696987,0,,0,0,2,0,0,False,0
CCCCCCCCCCCCCCCCCCCCCCO,CCCCCCCCCCCCCCCCCCCCCCOC(=O)[C@@H]1[C@H](C(=O)OCCCCCCCCCCCCCCCCCCCCCC)[C@@H]2C=C[C@@H]1C2,ester,Sigma-Aldrich,https://www.sigmaaldrich.com/catalog/product/sial/43960?utm_source=pubchem&utm_campaign=pubchem_2017&utm_medium=referral,326.609,16.42019166666668,2.229666666666664,2.624325000000001,42.037700670116905,4.321458584438103,3.4519964219294743,8.198646186841717,2.3616685769728596,0.6173512263483004,0.6903992843858948,1.1712351695488168,11.566200000000013,-16.814850000000018,-16.02553333333334,0,,0,0,2,0,0,False,0
CCCCCCCCCCCCCCCCCCCCCO,CCCCCCCCCCCCCCCCCCCCCOC(=O)[C@@H]1[C@H](C(=O)OCCCCCCCCCCCCCCCCCCCCC)[C@@H]2C=C[C@@H]1C2,ester,Sigma-Aldrich,https://www.sigmaaldrich.com/catalog/product/sigma/h2518?utm_source=pubchem&utm_campaign=pubchem_2017&utm_medium=referral,312.582,16.396295833333348,2.2151041666666647,2.6317416666666684,42.033408822260924,4.352852097876681,3.4452637372664126,8.153720759219274,2.361427461924771,0.6218360139823831,0.6890527474532825,1.1648172513170392,11.549450000000014,-16.812933333333355,-15.979658333333342,0,,0,0,2,0,0,False,0
CCCCCCCCCCCCCCCCCCCCCC(O)(CC)CC,CCCCCCCCCCCCCCCCCCCCCC(CC)(CC)OC(=O)[C@@H]1[C@H](C(=O)OC(CC)(CC)CCCCCCCCCCCCCCCCCCCCC)[C@@H]2C=C[C@@H]1C2,ester,Sigma-Aldrich,https://www.sigmaaldrich.com/catalog/product/aldrich/s546704,382.717,16.38440625000001,2.3076979166666653,2.529864583333334,42.09835513486738,4.401448963475722,3.4284372744368925,8.125581957296877,2.3650761311723247,0.6287784233536745,0.6856874548873785,1.1607974224709825,11.54684375000001,-16.60657291666668,-16.16223958333334,0,,0,0,2,0,0,False,0
CCCCCCCCCCCCCCCCCC(O)(CCCC)CCCC,CCCCCCCCCCCCCCCCCC(CCCC)(CCCC)OC(=O)[C@@H]1[C@H](C(=O)OC(CCCC)(CCCC)CCCCCCCCCCCCCCCCC)[C@@H]2C=C[C@@H]1C2,ester,Sigma-Aldrich,https://www.sigmaaldrich.com/catalog/product/aldrich/s578037,382.717,16.38707291666667,2.318822916666665,2.537114583333333,42.088113006909936,4.38910728194491,3.4415428079697827,8.135841499137548,2.3645007307252772,0.6270153259921301,0.6883085615939566,1.162263071305364,11.531135416666674,-16.60536458333334,-16.168781250000002,0,,0,0,2,0,0,False,0
CCCCCCCCCCCCCCCCCCCCO,CCCCCCCCCCCCCCCCCCCCOC(=O)[C@@H]1[C@H](C(=O)OCCCCCCCCCCCCCCCCCCCC)[C@@H]2C=C[C@@H]1C2,ester,Sigma-Aldrich,https://www.sigmaaldrich.com/catalog/product/sial/44861?utm_source=pubchem&utm_campaign=pubchem_2017&utm_medium=referral,298.555,16.39154583333335,2.230354166666665,2.641179166666668,42.019098421522614,4.346900772305558,3.461766840444945,8.152321734181292,2.360623506827113,0.6209858246150797,0.6923533680889891,1.1646173905973274,11.520012500000016,-16.802370833333352,-15.980720833333347,0,,0,0,2,0,0,False,0
OC12CCC(CC1)CC2,O=C(OC12CCC(CC1)CC2)[C@@H]1[C@H](C(=O)OC23CCC(CC2)CC3)[C@@H]2C=C[C@@H]1C2,ester,Sigma-Aldrich,https://www.sigmaaldrich.com/catalog/product/aldrich/ph016288?utm_source=pubchem&utm_campaign=pubchem_2017&utm_medium=referral,126.199,18.23553669593732,3.392597595308597,3.349527990242466,41.3039769179192,2.375027561749382,6.141194135214358,12.053950483114907,2.3204481414561346,0.33928965167848313,1.2282388270428717,1.7219929261592724,11.493411110386257,-18.192467090871187,-18.27860630100345,0,,0,0,2,6,0,False,0
CCCCCCCCCCCCCCCCCCCO,CCCCCCCCCCCCCCCCCCCOC(=O)[C@@H]1[C@H](C(=O)OCCCCCCCCCCCCCCCCCCC)[C@@H]2C=C[C@@H]1C2,ester,Sigma-Aldrich,https://www.sigmaaldrich.com/catalog/product/sial/y0001314?utm_source=pubchem&utm_campaign=pubchem_2017&utm_medium=referral,284.528,16.402045833333347,2.257374999999999,2.6821166666666665,41.9725049103097,4.2960198765026005,3.5115730253888917,8.19207330976959,2.358005893837624,0.6137171252146573,0.7023146050777783,1.1702961871099415,11.462554166666681,-16.826787500000012,-15.97730416666668,0,,0,0,2,0,0,False,0
CCCCCCCCCCCCCCCCNCCCCCCCCCCCCCCCC,CCCCCCCCCCCCCCCCN(CCCCCCCCCCCCCCCC)C(=O)[C@@H]1[C@H](C(=O)N(CCCCCCCCCCCCCCCC)CCCCCCCCCCCCCCCC)[C@@H]2C=C[C@@H]1C2,amide,Ambeed,https://www.ambeed.com/products/16724-63-3.html,465.895,16.530631289872407,2.644731190191386,2.466385137559809,42.06339122579299,4.150145371851488,3.645603089012832,8.471871282718196,2.3631118666175834,0.5928779102644982,0.7291206178025664,1.2102673261025994,11.419514962121212,-16.352285237240828,-16.708977342503985,0,,0,0,2,0,0,False,0
CC(C)CCCCCCCCCCCCCCCO,CC(C)CCCCCCCCCCCCCCCOC(=O)[C@@H]1[C@H](C(=O)OCCCCCCCCCCCCCCCC(C)C)[C@@H]2C=C[C@@H]1C2,ester,Ambeed,https://www.ambeed.com/products/27458-93-1.html,270.501,16.432108333333332,2.320645833333333,2.743075,41.89690143260004,4.1927920871821,3.6027306291668273,8.283983823399028,2.3537585074494403,0.5989702981688714,0.7205461258333654,1.1834262604855754,11.368387499999999,-16.8545375,-16.009679166666665,0,,0,0,2,0,0,False,0
CCCCCCCCCCCCCCCCCCO,CCCCCCCCCCCCCCCCCCOC(=O)[C@@H]1[C@H](C(=O)OCCCCCCCCCCCCCCCCCC)[C@@H]2C=C[C@@H]1C2,ester,Sigma-Aldrich,https://www.sigmaaldrich.com/catalog/product/vetec/v900574?utm_source=pubchem&utm_campaign=pubchem_2017&utm_medium=referral,270.501,16.403525000000013,2.3088749999999987,2.7340333333333326,41.90677811208949,4.240615529523513,3.5845099715167175,8.22619181249156,2.3543133770836793,0.605802218503359,0.7169019943033434,1.1751702589273658,11.360616666666681,-16.828683333333345,-15.978366666666677,0,,0,0,2,0,0,False,0
CCCCCCCCCCCCC#CC#CCCCCCCCCCO,CCCCCCCCCCCCC#CC#CCCCCCCCCCOC(=O)[C@@H]1[C@H](C(=O)OCCCCCCCCCC#CC#CCCCCCCCCCCCC)[C@@H]2C=C[C@@H]1C2,ester,Ambeed,https://www.ambeed.com/products/92266-90-5.html,360.626,16.497836553030314,2.3932357954545425,2.760248295454545,41.86309482254577,4.06928695733726,3.6746571856520607,8.428570350856509,2.3518592596935823,0.5813267081910372,0.7349314371304121,1.204081478693787,11.344352462121227,-16.864849053030316,-16.130824053030313,0,,0,0,2,0,0,False,0
CC12CC3(C)CC(C)(C1)CC(O)(C2)C3,CC12CC3(C)CC(C)(C1)CC(OC(=O)[C@@H]1[C@H](C(=O)OC45CC6(C)CC(C)(CC(C)(C6)C4)C5)[C@@H]4C=C[C@@H]1C4)(C2)C3,ester,Combi-Blocks,https://www.combi-blocks.com/cgi-bin/find.cgi?HA-9067,194.318,17.088250000000013,2.975375000000002,2.785958333333332,41.726376519842866,3.2011413291243036,4.370328646188353,9.67684723841887,2.3441784561709476,0.4573059041606148,0.8740657292376707,1.3824067483455529,11.32691666666668,-16.898833333333343,-17.277666666666683,0,,0,0,2,8,0,False,0
CCCCCCCCCCCCCCCCCC(O)(CC)CC,CCCCCCCCCCCCCCCCCC(CC)(CC)OC(=O)[C@@H]1[C@H](C(=O)OC(CC)(CC)CCCCCCCCCCCCCCCCC)[C@@H]2C=C[C@@H]1C2,ester,Sigma-Aldrich,https://www.sigmaaldrich.com/catalog/product/aldrich/s562505,326.609,16.40683333333335,2.4273124999999984,2.670208333333333,41.92883995883784,4.2355852953088595,3.614901376317683,8.245259969249238,2.355552806676283,0.6050836136155514,0.7229802752635366,1.1778942813213198,11.309312500000019,-16.64972916666668,-16.163937500000017,0,,0,0,2,0,0,False,0
CC(C)CCCCCCCCCCCCCCO,CC(C)CCCCCCCCCCCCCCOC(=O)[C@@H]1[C@H](C(=O)OCCCCCCCCCCCCCCC(C)C)[C@@H]2C=C[C@@H]1C2,ester,Combi-Blocks,https://www.combi-blocks.com/cgi-bin/find.cgi?HD-2976,256.474,16.446466666666673,2.349120833333332,2.7987625,41.83631750834177,4.126756614919841,3.665685496436475,8.336395513576893,2.3503549161989756,0.5895366592742629,0.733137099287295,1.190913644796699,11.29858333333334,-16.896108333333338,-15.996825000000003,0,,0,0,2,0,0,False,0
CCCCCCCCCCCCCCCCCO,CCCCCCCCCCCCCCCCCOC(=O)[C@@H]1[C@H](C(=O)OCCCCCCCCCCCCCCCCC)[C@@H]2C=C[C@@H]1C2,ester,Sigma-Aldrich,https://www.sigmaaldrich.com/catalog/product/sial/51590?utm_source=pubchem&utm_campaign=pubchem_2017&utm_medium=referral,256.474,16.411629166666685,2.348874999999999,2.788095833333333,41.84337528918461,4.179797514020459,3.6524699074569367,8.2701545587056,2.3507514207407083,0.5971139305743512,0.7304939814913873,1.1814506512436573,11.274658333333353,-16.85085000000002,-15.972408333333352,0,,0,0,2,0,0,False,0
