sidechain_smiles,monomer_smiles,linkage,source,compound_type,molecular_weight,is_dendron,dendron_family,dendron_generation,delta_D,delta_P,delta_H,n_unmatched_atoms,has_si,n_si_atoms,used_2nd_order,n_unavail_d,n_unavail_p,n_unavail_hb,approx_ring_correction,hsp_error,D,P,H,V_formula,SPrefit_D,SPrefit_P,SPrefit_H,n_pooled_atoms,n_groups_new,expected_Ra_err,hsp_source,hsp_note,Ra_Water,Ra_Water_legacy,Ra_Diiodomethane,Ra_Diiodomethane_legacy,Ra_n-Hexadecane,Ra_n-Hexadecane_legacy,Ra_PTFE,Ra_PTFE_legacy
CCCCCCCCCCCCCCCCCCOc1cc(CO)cc(OCCCCCCCCCCCCCCCCCC)c1OCCCCCCCCCCCCCCCCCC,CCCCCCCCCCCCCCCCCCOc1cc(COC(=O)[C@@H]2[C@H](C(=O)OCc3cc(OCCCCCCCCCCCCCCCCCC)c(OCCCCCCCCCCCCCCCCCC)c(OCCCCCCCCCCCCCCCCCC)c3)[C@@H]3C=C[C@@H]2C3)cc(OCCCCCCCCCCCCCCCCCC)c1OCCCCCCCCCCCCCCCCCC,ester,Ambeed,"monoalcohol,dendron_alcohol",913.595,True,percec,1,22.31,-10.7202,-6.7774,0,False,0,True,0,0,0,True,,16.867236424032548,2.734691260230965,3.1442975847733794,2158.3260018346195,19.435637513152784,2.0756548152721024,4.766663114235603,0.0,0.0,2.833,gc_formula,,41.43205026725062,57.51577765100633,3.2229598015943344,21.115046739233136,4.318816068483613,17.473873033761002,9.318185512508842,23.02746705132807
CCCCCCCCCCCCCCCCCCCCCCOc1cc(CO)cc(OCCCCCCCCCCCCCCCCCCCCCC)c1,CCCCCCCCCCCCCCCCCCCCCCOc1cc(COC(=O)[C@@H]2[C@H](C(=O)OCc3cc(OCCCCCCCCCCCCCCCCCCCCCC)cc(OCCCCCCCCCCCCCCCCCCCCCC)c3)[C@@H]3C=C[C@@H]2C3)cc(OCCCCCCCCCCCCCCCCCCCCCC)c1,ester,Ambeed,"monoalcohol,dendron_alcohol",757.326,True,percec,1,22.213,-7.8562,-4.8992,0,False,0,True,0,0,0,True,,16.92969912932916,2.6039303264803904,3.0486971125970963,1810.9789407917315,19.673334646063243,1.8584379601677092,4.123736472760306,0.0,0.0,2.833,gc_formula,,41.57277497904191,54.56317654865779,3.273893227698293,18.006939636706733,4.202510107475501,15.019198216948865,9.36143290998304,21.159175671088892
CC(C)(C)OC(=O)CCC(N)(CCC(=O)OC(C)(C)C)CCC(=O)OC(C)(C)C,CC(C)(C)OC(=O)CCC(CCC(=O)OC(C)(C)C)(CCC(=O)OC(C)(C)C)NC(=O)[C@@H]1[C@H](C(=O)NC(CCC(=O)OC(C)(C)C)(CCC(=O)OC(C)(C)C)CCC(=O)OC(C)(C)C)[C@@H]2C=C[C@@H]1C2,amide,Ambeed,"monoamine,dendron_amine",415.571,True,newkome,1,14.8483,18.5068,5.7551,0,False,0,True,2,0,0,True,,16.517493231839925,5.516739485573617,5.381068318141015,926.379764604732,14.851421554581615,5.263469349345897,7.749134092960058,0.0,0.0,2.833,gc_formula,,38.43237486092242,36.65395768276599,3.0343509603650434,15.756706946884554,7.718777365604784,19.59725883408187,10.848194739068921,19.851538827254675
CCCCCCCCCCCCNC(=O)CCN(CCNCCN(CCC(=O)NCCCCCCCCCCCC)CCN(CCC(=O)NCCCCCCCCCCCC)CCC(=O)NCCCCCCCCCCCC)CCC(=O)NCCCCCCCCCCCC,CCCCCCCCCCCCNC(=O)CCN(CCC(=O)NCCCCCCCCCCCC)CCN(CCC(=O)NCCCCCCCCCCCC)CCN(CCN(CCC(=O)NCCCCCCCCCCCC)CCC(=O)NCCCCCCCCCCCC)C(=O)[C@@H]1[C@H](C(=O)N(CCN(CCC(=O)NCCCCCCCCCCCC)CCC(=O)NCCCCCCCCCCCC)CCN(CCC(=O)NCCCCCCCCCCCC)CCN(CCC(=O)NCCCCCCCCCCCC)CCC(=O)NCCCCCCCCCCCC)[C@@H]2C=C[C@@H]1C2,amide,Ambeed,dendron_amine,1343.253,True,pamam,1,6.6405,-18.3546,-17.0036,0,False,0,True,10,0,0,True,,17.023454322473153,6.115205415089197,4.295622964229535,2962.785198340629,21.066955754221095,12.396017717856484,15.666281382707622,0.0,0.0,2.833,gc_formula,,39.38686951451623,70.78925395227725,2.9613766785862072,38.727470807167364,7.611941838083942,31.610718358177184,11.428785719996661,27.800789829067806
CC1(C)OCC(COCC(O)COCC2COC(C)(C)O2)O1,CC1(C)OCC(COCC(COCC2COC(C)(C)O2)OC(=O)[C@@H]2[C@H](C(=O)OC(COCC3COC(C)(C)O3)COCC3COC(C)(C)O3)[C@@H]3C=C[C@@H]2C3)O1,ester,Ambeed,"monoalcohol,dendron_alcohol",320.382,True,glycerol,1,21.9705,16.3108,4.9031,0,False,0,True,0,0,0,True,,16.969753036488957,5.63108116752829,5.343780890806382,723.6853836092808,17.979416610230068,13.872494201505297,13.170182748471303,0.0,0.0,2.833,gc_formula,,38.495679037447665,39.57390816244966,2.4038066686665114,14.965177153979837,7.8777754375067035,20.462181390311247,11.540720657509475,25.176402984739504
CC(O)CN(CCN(CC(C)O)CC(C)O)CCN(CC(C)O)CC(C)O,CC(O)CN(CCN(CCN(CC(C)O)CC(C)O)CC(C)OC(=O)[C@@H]1[C@H](C(=O)OC(C)CN(CCN(CC(C)O)CC(C)O)CCN(CC(C)O)CC(C)O)[C@@H]2C=C[C@@H]1C2)CC(C)O,ester,Ambeed,dendron_alcohol,393.569,True,generic_nested,2,19.9785,29.2112,55.9185,0,False,0,True,0,0,0,True,,17.156652143910776,5.583185221686232,6.627492966858203,856.5207976610536,17.64366885946174,19.384550441467745,34.35433333775658,0.0,0.0,2.833,gc_formula,,37.30972759829457,20.98159185309828,2.3999872367485735,56.58326109981644,8.833517522939443,63.51612627270338,12.43151694575962,64.74626704830172
OC(COCc1ccccc1)COCc1ccccc1,O=C(OC(COCc1ccccc1)COCc1ccccc1)[C@@H]1[C@H](C(=O)OC(COCc2ccccc2)COCc2ccccc2)[C@@H]2C=C[C@@H]1C2,ester,Sigma-Aldrich,"monoalcohol,dendron_alcohol",272.344,True,glycerol,1,24.0269,6.08,2.6078,0,False,0,True,0,0,0,True,,18.365764898148598,4.505575936859941,4.8234797830843945,621.2007647620371,22.254565452036825,8.831889727522398,10.771633916382497,0.0,0.0,2.833,gc_formula,,39.616433281127414,44.325040725079994,1.4507796176910202,12.969747695310037,7.7868934883127015,16.810322878517237,13.113723318150585,23.60003549319365
OCc1cc(OCc2ccccc2)cc(OCc2ccccc2)c1,O=C(OCc1cc(OCc2ccccc2)cc(OCc2ccccc2)c1)[C@@H]1[C@H](C(=O)OCc2cc(OCc3ccccc3)cc(OCc3ccccc3)c2)[C@@H]2C=C[C@@H]1C2,ester,Sigma-Aldrich,"monoalcohol,dendron_alcohol",320.388,True,frechet,1,27.8479,10.1832,5.2028,0,False,0,True,0,0,0,True,,19.617523616160373,4.722950995565092,5.414384744931296,658.2990155827549,25.21743370030196,6.344768411330787,9.451329250379827,0.0,0.0,2.833,gc_formula,,39.44028967834715,44.94351952973866,3.728021820510813,21.057257839519366,9.779860942149494,25.771741650885758,15.58943104135619,32.382127597179284
OCc1cc(OCc2ccccc2)c(OCc2ccccc2)c(OCc2ccccc2)c1,O=C(OCc1cc(OCc2ccccc2)c(OCc2ccccc2)c(OCc2ccccc2)c1)[C@@H]1[C@H](C(=O)OCc2cc(OCc3ccccc3)c(OCc3ccccc3)c(OCc3ccccc3)c2)[C@@H]2C=C[C@@H]1C2,ester,Ambeed,"monoalcohol,dendron_alcohol",426.512,True,frechet,1,30.3394,11.8134,5.5892,0,False,0,True,0,0,0,True,,19.739290221639653,4.813685919278334,5.47476050585668,831.1832556496668,27.198821841776923,7.572121892870452,11.77253817791942,0.0,0.0,2.833,gc_formula,,39.409620815820126,47.39242160556897,3.984826877812986,26.29783385832377,10.022945856414227,30.97118960647137,15.85405317336337,37.621660059598646
COc1cc(COc2cc(CO)cc(OCc3cc(OC)cc(OC)c3)c2)cc(OC)c1,COc1cc(COc2cc(COC(=O)[C@@H]3[C@H](C(=O)OCc4cc(OCc5cc(OC)cc(OC)c5)cc(OCc5cc(OC)cc(OC)c5)c4)[C@@H]4C=C[C@@H]3C4)cc(OCc3cc(OC)cc(OC)c3)c2)cc(OC)c1,ester,TCI,"monoalcohol,dendron_alcohol",440.492,True,frechet,1,28.8836,27.2248,9.7753,0,False,0,True,0,0,0,True,,19.405234702008237,5.922882623570905,6.8809757110579906,834.2798572065609,25.124957553129217,9.921136958253435,13.82455389374836,0.0,0.0,2.833,gc_formula,,37.64384423129591,43.59283474345296,4.038101263886668,32.46088786478275,10.999922523681377,38.342328841242804,16.19472305860246,43.40946741172944
CCC(COC(=O)c1ccc(N)cc1)(COC(=O)C(C)(COC(=O)C(C)(COC(=O)C(C)(COC(=O)CCC(=O)O)COC(=O)CCC(=O)O)COC(=O)C(C)(COC(=O)CCC(=O)O)COC(=O)CCC(=O)O)COC(=O)C(C)(COC(=O)C(C)(COC(=O)CCC(=O)O)COC(=O)CCC(=O)O)COC(=O)C(C)(COC(=O)CCC(=O)O)COC(=O)CCC(=O)O)COC(=O)C(C)(COC(=O)C(C)(COC(=O)C(C)(COC(=O)CCC(=O)O)COC(=O)CCC(=O)O)COC(=O)C(C)(COC(=O)CCC(=O)O)COC(=O)CCC(=O)O)COC(=O)C(C)(COC(=O)C(C)(COC(=O)CCC(=O)O)COC(=O)CCC(=O)O)COC(=O)C(C)(COC(=O)CCC(=O)O)COC(=O)CCC(=O)O,CCC(COC(=O)c1ccc(NC(=O)[C@@H]2[C@H](C(=O)Nc3ccc(C(=O)OCC(CC)(COC(=O)C(C)(COC(=O)C(C)(COC(=O)C(C)(COC(=O)CCC(=O)O)COC(=O)CCC(=O)O)COC(=O)C(C)(COC(=O)CCC(=O)O)COC(=O)CCC(=O)O)COC(=O)C(C)(COC(=O)C(C)(COC(=O)CCC(=O)O)COC(=O)CCC(=O)O)COC(=O)C(C)(COC(=O)CCC(=O)O)COC(=O)CCC(=O)O)COC(=O)C(C)(COC(=O)C(C)(COC(=O)C(C)(COC(=O)CCC(=O)O)COC(=O)CCC(=O)O)COC(=O)C(C)(COC(=O)CCC(=O)O)COC(=O)CCC(=O)O)COC(=O)C(C)(COC(=O)C(C)(COC(=O)CCC(=O)O)COC(=O)CCC(=O)O)COC(=O)C(C)(COC(=O)CCC(=O)O)COC(=O)CCC(=O)O)cc3)[C@@H]3C=C[C@@H]2C3)cc1)(COC(=O)C(C)(COC(=O)C(C)(COC(=O)C(C)(COC(=O)CCC(=O)O)COC(=O)CCC(=O)O)COC(=O)C(C)(COC(=O)CCC(=O)O)COC(=O)CCC(=O)O)COC(=O)C(C)(COC(=O)C(C)(COC(=O)CCC(=O)O)COC(=O)CCC(=O)O)COC(=O)C(C)(COC(=O)CCC(=O)O)COC(=O)CCC(=O)O)COC(=O)C(C)(COC(=O)C(C)(COC(=O)C(C)(COC(=O)CCC(=O)O)COC(=O)CCC(=O)O)COC(=O)C(C)(COC(=O)CCC(=O)O)COC(=O)CCC(=O)O)COC(=O)C(C)(COC(=O)C(C)(COC(=O)CCC(=O)O)COC(=O)CCC(=O)O)COC(=O)C(C)(COC(=O)CCC(=O)O)COC(=O)CCC(=O)O,amide,Sigma-Aldrich,"monoamine,dendron_amine",3480.09,True,bis_mpa,3,35.7403,230.7926,161.4569,2,False,0,True,0,0,0,True,,17.567690171384665,6.801424849597713,11.224703142294802,5402.48735157414,32.32309500363629,50.21863786965222,178.7773577168573,0.0,2.0,2.833,gc_formula,,32.67092331372751,248.943581577694,6.434777669131097,277.6512633659894,13.367179736199748,284.33300165251654,16.34108230919077,285.4066860967521
CCC(COC(=O)c1ccc(N)cc1)(COC(=O)C(C)(COC(=O)C(C)(COC(=O)CCC(=O)O)COC(=O)CCC(=O)O)COC(=O)C(C)(COC(=O)CCC(=O)O)COC(=O)CCC(=O)O)COC(=O)C(C)(COC(=O)C(C)(COC(=O)CCC(=O)O)COC(=O)CCC(=O)O)COC(=O)C(C)(COC(=O)CCC(=O)O)COC(=O)CCC(=O)O,CCC(COC(=O)c1ccc(NC(=O)[C@@H]2[C@H](C(=O)Nc3ccc(C(=O)OCC(CC)(COC(=O)C(C)(COC(=O)C(C)(COC(=O)CCC(=O)O)COC(=O)CCC(=O)O)COC(=O)C(C)(COC(=O)CCC(=O)O)COC(=O)CCC(=O)O)COC(=O)C(C)(COC(=O)C(C)(COC(=O)CCC(=O)O)COC(=O)CCC(=O)O)COC(=O)C(C)(COC(=O)CCC(=O)O)COC(=O)CCC(=O)O)cc3)[C@@H]3C=C[C@@H]2C3)cc1)(COC(=O)C(C)(COC(=O)C(C)(COC(=O)CCC(=O)O)COC(=O)CCC(=O)O)COC(=O)C(C)(COC(=O)CCC(=O)O)COC(=O)CCC(=O)O)COC(=O)C(C)(COC(=O)C(C)(COC(=O)CCC(=O)O)COC(=O)CCC(=O)O)COC(=O)C(C)(COC(=O)CCC(=O)O)COC(=O)CCC(=O)O,amide,Sigma-Aldrich,"monoamine,dendron_amine",1750.578,True,bis_mpa,2,29.1673,113.9622,83.0745,2,False,0,True,0,0,0,True,,17.715257204571873,7.021839684238596,11.104393005332856,2782.3060699250673,27.4158343103618,31.733912380178932,91.86888371576732,0.0,2.0,2.833,gc_formula,,32.76282521930715,109.57341299900263,6.41746284272988,136.558972448719,13.439701945668425,143.35628767602068,16.529518924641263,144.82210969410022
NCc1cc(OCc2ccccc2)cc(OCc2ccccc2)c1,O=C(NCc1cc(OCc2ccccc2)cc(OCc2ccccc2)c1)[C@@H]1[C@H](C(=O)NCc2cc(OCc3ccccc3)cc(OCc3ccccc3)c2)[C@@H]2C=C[C@@H]1C2,amide,Oakwood Products,"monoamine,dendron_amine",319.404,True,frechet,1,26.6187,4.9636,5.6695,0,False,0,True,2,0,0,True,,19.862847352924266,6.714210756466055,5.706160582226795,654.777068244877,25.681773902721062,6.7461106088764415,9.89737911146394,0.0,0.0,2.833,gc_formula,,38.74884144472936,44.2503967662438,4.998363849635192,17.670253364623836,11.332096880690754,21.97004401383848,16.818633222636734,28.83923358846417
CCC(COC(=O)c1ccc(N)cc1)(COC(=O)C(C)(COC(=O)C(C)(COC(=O)C(C)(CO)CO)COC(=O)C(C)(CO)CO)COC(=O)C(C)(COC(=O)C(C)(CO)CO)COC(=O)C(C)(CO)CO)COC(=O)C(C)(COC(=O)C(C)(COC(=O)C(C)(CO)CO)OC(=O)C(C)(CO)CO)COC(=O)C(CC)(OC(=O)C(C)(CO)CO)OC(=O)C(C)(CO)CO,CCC(COC(=O)c1ccc(NC(=O)[C@@H]2[C@H](C(=O)Nc3ccc(C(=O)OCC(CC)(COC(=O)C(C)(COC(=O)C(C)(COC(=O)C(C)(CO)CO)COC(=O)C(C)(CO)CO)COC(=O)C(C)(COC(=O)C(C)(CO)CO)COC(=O)C(C)(CO)CO)COC(=O)C(C)(COC(=O)C(C)(COC(=O)C(C)(CO)CO)OC(=O)C(C)(CO)CO)COC(=O)C(CC)(OC(=O)C(C)(CO)CO)OC(=O)C(C)(CO)CO)cc3)[C@@H]3C=C[C@@H]2C3)cc1)(COC(=O)C(C)(COC(=O)C(C)(COC(=O)C(C)(CO)CO)COC(=O)C(C)(CO)CO)COC(=O)C(C)(COC(=O)C(C)(CO)CO)COC(=O)C(C)(CO)CO)COC(=O)C(C)(COC(=O)C(C)(COC(=O)C(C)(CO)CO)OC(=O)C(C)(CO)CO)COC(=O)C(CC)(OC(=O)C(C)(CO)CO)OC(=O)C(C)(CO)CO,amide,Sigma-Aldrich,"monoamine,dendron_amine",1850.868,True,bis_mpa,3,23.906,126.807,242.7861,4,False,0,True,0,0,0,True,,17.493690247350642,8.310981906828713,14.52410369343641,3098.600766606927,24.937110009000822,43.82144326857168,172.084881431805,0.0,4.0,2.833,gc_formula,,29.09502737719304,229.68567845255396,10.063126328857022,267.5069285947749,16.903301274597442,274.3292010454046,19.285742741815938,274.8224942507618
CCC(COC(=O)c1ccc(N)cc1)(COC(=O)C(C)(COC(=O)C(C)(CO)CO)COC(=O)C(C)(CO)CO)COC(=O)C(C)(COC(=O)C(C)(CO)CO)COC(=O)C(C)(CO)CO,CCC(COC(=O)c1ccc(NC(=O)[C@@H]2[C@H](C(=O)Nc3ccc(C(=O)OCC(CC)(COC(=O)C(C)(COC(=O)C(C)(CO)CO)COC(=O)C(C)(CO)CO)COC(=O)C(C)(COC(=O)C(C)(CO)CO)COC(=O)C(C)(CO)CO)cc3)[C@@H]3C=C[C@@H]2C3)cc1)(COC(=O)C(C)(COC(=O)C(C)(CO)CO)COC(=O)C(C)(CO)CO)COC(=O)C(C)(COC(=O)C(C)(CO)CO)COC(=O)C(C)(CO)CO,amide,Sigma-Aldrich,"monoamine,dendron_amine",949.994,True,bis_mpa,2,24.0612,68.575,123.3481,2,False,0,True,0,0,0,True,,17.879166672273282,8.418563484603448,14.27069230445779,1613.9016314697412,23.617716077385293,26.79345756820624,88.0867917302768,0.0,2.0,2.833,gc_formula,,29.42383397428339,98.11269907799908,9.867498614738288,135.01052107287788,16.867126000243314,141.97967918110675,19.540213398772146,142.94611523357324
