sidechain_smiles,monomer_smiles,linkage,source,compound_type,molecular_weight,is_dendron,dendron_family,dendron_generation,delta_D_sp,delta_P_sp,delta_H_sp,n_unmatched_sp,has_si,n_si_atoms,used_2nd_order,n_unavail_d,n_unavail_p,n_unavail_hb,approx_ring_correction,hsp_error,D,P,H,V_formula,SPrefit_D,SPrefit_P,SPrefit_H,n_pooled_atoms,n_groups_new,expected_Ra_err,hsp_source,hsp_note,n_unmatched_atoms,delta_D,delta_D_corr,delta_P,delta_P_corr,delta_H,delta_H_corr,Ra2_from_PTFE,Ra_from_PTFE
CCCCCCCCCCCCCCCCCCOc1cc(CO)cc(OCCCCCCCCCCCCCCCCCC)c1OCCCCCCCCCCCCCCCCCC,CCCCCCCCCCCCCCCCCCOc1cc(COC(=O)[C@@H]2[C@H](C(=O)OCc3cc(OCCCCCCCCCCCCCCCCCC)c(OCCCCCCCCCCCCCCCCCC)c(OCCCCCCCCCCCCCCCCCC)c3)[C@@H]3C=C[C@@H]2C3)cc(OCCCCCCCCCCCCCCCCCC)c1OCCCCCCCCCCCCCCCCCC,ester,Ambeed,"monoalcohol,dendron_alcohol",913.595,True,percec,1,22.31,-10.7202,-6.7774,0,False,0,True,0,0,0,True,,16.867236424032548,2.734691260230965,3.1442975847733794,2158.3260018346195,19.435637513152784,2.0756548152721024,4.766663114235603,0.0,0.0,2.833,gc_formula,,0.0,16.867236424032548,16.867236424032548,2.734691260230965,2.734691260230965,3.1442975847733794,3.1442975847733794,86.82858124552966,9.318185512508842
CCCCCCCCCCCCCCCCCCCCCCOc1cc(CO)cc(OCCCCCCCCCCCCCCCCCCCCCC)c1,CCCCCCCCCCCCCCCCCCCCCCOc1cc(COC(=O)[C@@H]2[C@H](C(=O)OCc3cc(OCCCCCCCCCCCCCCCCCCCCCC)cc(OCCCCCCCCCCCCCCCCCCCCCC)c3)[C@@H]3C=C[C@@H]2C3)cc(OCCCCCCCCCCCCCCCCCCCCCC)c1,ester,Ambeed,"monoalcohol,dendron_alcohol",757.326,True,percec,1,22.213,-7.8562,-4.8992,0,False,0,True,0,0,0,True,,16.92969912932916,2.6039303264803904,3.0486971125970963,1810.9789407917317,19.673334646063243,1.8584379601677088,4.123736472760306,0.0,0.0,2.833,gc_formula,,0.0,16.92969912932916,16.92969912932916,2.6039303264803904,2.6039303264803904,3.0486971125970963,3.0486971125970963,87.63642612811353,9.36143290998304
CC(C)(C)OC(=O)CCC(N)(CCC(=O)OC(C)(C)C)CCC(=O)OC(C)(C)C,CC(C)(C)OC(=O)CCC(CCC(=O)OC(C)(C)C)(CCC(=O)OC(C)(C)C)NC(=O)[C@@H]1[C@H](C(=O)NC(CCC(=O)OC(C)(C)C)(CCC(=O)OC(C)(C)C)CCC(=O)OC(C)(C)C)[C@@H]2C=C[C@@H]1C2,amide,Ambeed,"monoamine,dendron_amine",415.571,True,newkome,1,14.8483,18.5068,5.7551,0,False,0,True,2,0,0,True,,16.517493231839925,5.516739485573617,5.381068318141015,926.379764604732,14.851421554581616,5.263469349345897,7.749134092960058,0.0,0.0,2.833,gc_formula,,0.0,16.517493231839925,16.517493231839925,5.516739485573617,5.516739485573617,5.381068318141015,5.381068318141015,117.6833290967626,10.848194739068921
CCCCCCCCCCCCNC(=O)CCN(CCNCCN(CCC(=O)NCCCCCCCCCCCC)CCN(CCC(=O)NCCCCCCCCCCCC)CCC(=O)NCCCCCCCCCCCC)CCC(=O)NCCCCCCCCCCCC,CCCCCCCCCCCCNC(=O)CCN(CCC(=O)NCCCCCCCCCCCC)CCN(CCC(=O)NCCCCCCCCCCCC)CCN(CCN(CCC(=O)NCCCCCCCCCCCC)CCC(=O)NCCCCCCCCCCCC)C(=O)[C@@H]1[C@H](C(=O)N(CCN(CCC(=O)NCCCCCCCCCCCC)CCC(=O)NCCCCCCCCCCCC)CCN(CCC(=O)NCCCCCCCCCCCC)CCN(CCC(=O)NCCCCCCCCCCCC)CCC(=O)NCCCCCCCCCCCC)[C@@H]2C=C[C@@H]1C2,amide,Ambeed,dendron_amine,1343.253,True,pamam,1,6.6405,-18.3546,-17.0036,0,False,0,True,10,0,0,True,,17.023454322473153,6.115205415089197,4.295622964229535,2962.785198340629,21.06695575422109,12.396017717856484,15.666281382707622,0.0,0.0,2.833,gc_formula,,0.0,17.023454322473153,17.023454322473153,6.115205415089197,6.115205415089197,4.295622964229535,4.295622964229535,130.61714303359958,11.428785719996661
CC1(C)OCC(COCC(O)COCC2COC(C)(C)O2)O1,CC1(C)OCC(COCC(COCC2COC(C)(C)O2)OC(=O)[C@@H]2[C@H](C(=O)OC(COCC3COC(C)(C)O3)COCC3COC(C)(C)O3)[C@@H]3C=C[C@@H]2C3)O1,ester,Ambeed,"monoalcohol,dendron_alcohol",320.382,True,glycerol,1,21.9705,16.3108,4.9031,0,False,0,True,0,0,0,True,,16.969753036488957,5.63108116752829,5.343780890806382,723.6853836092808,17.979416610230068,13.872494201505296,13.170182748471303,0.0,0.0,2.833,gc_formula,,0.0,16.969753036488957,16.969753036488957,5.63108116752829,5.63108116752829,5.343780890806382,5.343780890806382,133.1882332946659,11.540720657509475
CC(O)CN(CCN(CC(C)O)CC(C)O)CCN(CC(C)O)CC(C)O,CC(O)CN(CCN(CCN(CC(C)O)CC(C)O)CC(C)OC(=O)[C@@H]1[C@H](C(=O)OC(C)CN(CCN(CC(C)O)CC(C)O)CCN(CC(C)O)CC(C)O)[C@@H]2C=C[C@@H]1C2)CC(C)O,ester,Ambeed,dendron_alcohol,393.569,True,generic_nested,2,19.9785,29.2112,55.9185,0,False,0,True,0,0,0,True,,17.156652143910776,5.583185221686232,6.627492966858203,856.5207976610536,17.64366885946174,19.384550441467745,34.35433333775658,0.0,0.0,2.833,gc_formula,,0.0,17.156652143910776,17.156652143910776,5.583185221686232,5.583185221686232,6.627492966858203,6.627492966858203,154.54261357270858,12.43151694575962
OC(COCc1ccccc1)COCc1ccccc1,O=C(OC(COCc1ccccc1)COCc1ccccc1)[C@@H]1[C@H](C(=O)OC(COCc2ccccc2)COCc2ccccc2)[C@@H]2C=C[C@@H]1C2,ester,Sigma-Aldrich,"monoalcohol,dendron_alcohol",272.344,True,glycerol,1,24.0269,6.08,2.6078,0,False,0,True,0,0,0,True,,18.3657648981486,4.505575936859941,4.8234797830843945,621.2007647620371,22.254565452036825,8.831889727522398,10.771633916382497,0.0,0.0,2.833,gc_formula,,0.0,18.3657648981486,18.3657648981486,4.505575936859941,4.505575936859941,4.8234797830843945,4.8234797830843945,171.96973926500655,13.11372331815059
OCc1cc(OCc2ccccc2)cc(OCc2ccccc2)c1,O=C(OCc1cc(OCc2ccccc2)cc(OCc2ccccc2)c1)[C@@H]1[C@H](C(=O)OCc2cc(OCc3ccccc3)cc(OCc3ccccc3)c2)[C@@H]2C=C[C@@H]1C2,ester,Sigma-Aldrich,"monoalcohol,dendron_alcohol",320.388,True,frechet,1,27.8479,10.1832,5.2028,0,False,0,True,0,0,0,True,,19.617523616160373,4.722950995565092,5.414384744931296,658.2990155827549,25.21743370030196,6.344768411330787,9.451329250379828,0.0,0.0,2.833,gc_formula,,0.0,19.617523616160373,19.617523616160373,4.722950995565092,4.722950995565092,5.414384744931296,5.414384744931296,243.03036019319998,15.58943104135619
OCc1cc(OCc2ccccc2)c(OCc2ccccc2)c(OCc2ccccc2)c1,O=C(OCc1cc(OCc2ccccc2)c(OCc2ccccc2)c(OCc2ccccc2)c1)[C@@H]1[C@H](C(=O)OCc2cc(OCc3ccccc3)c(OCc3ccccc3)c(OCc3ccccc3)c2)[C@@H]2C=C[C@@H]1C2,ester,Ambeed,"monoalcohol,dendron_alcohol",426.512,True,frechet,1,30.3394,11.8134,5.5892,0,False,0,True,0,0,0,True,,19.739290221639653,4.813685919278334,5.47476050585668,831.1832556496668,27.198821841776923,7.572121892870452,11.77253817791942,0.0,0.0,2.833,gc_formula,,0.0,19.739290221639653,19.739290221639653,4.813685919278334,4.813685919278334,5.47476050585668,5.47476050585668,251.35100202383316,15.85405317336337
COc1cc(COc2cc(CO)cc(OCc3cc(OC)cc(OC)c3)c2)cc(OC)c1,COc1cc(COc2cc(COC(=O)[C@@H]3[C@H](C(=O)OCc4cc(OCc5cc(OC)cc(OC)c5)cc(OCc5cc(OC)cc(OC)c5)c4)[C@@H]4C=C[C@@H]3C4)cc(OCc3cc(OC)cc(OC)c3)c2)cc(OC)c1,ester,TCI,"monoalcohol,dendron_alcohol",440.492,True,frechet,1,28.8836,27.2248,9.7753,0,False,0,True,0,0,0,True,,19.40523470200824,5.922882623570905,6.880975711057991,834.2798572065609,25.124957553129217,9.921136958253436,13.82455389374836,0.0,0.0,2.833,gc_formula,,0.0,19.40523470200824,19.40523470200824,5.922882623570905,5.922882623570905,6.880975711057991,6.880975711057991,262.2690549448304,16.194723058602463
CCC(COC(=O)c1ccc(N)cc1)(COC(=O)C(C)(COC(=O)C(C)(COC(=O)C(C)(COC(=O)CCC(=O)O)COC(=O)CCC(=O)O)COC(=O)C(C)(COC(=O)CCC(=O)O)COC(=O)CCC(=O)O)COC(=O)C(C)(COC(=O)C(C)(COC(=O)CCC(=O)O)COC(=O)CCC(=O)O)COC(=O)C(C)(COC(=O)CCC(=O)O)COC(=O)CCC(=O)O)COC(=O)C(C)(COC(=O)C(C)(COC(=O)C(C)(COC(=O)CCC(=O)O)COC(=O)CCC(=O)O)COC(=O)C(C)(COC(=O)CCC(=O)O)COC(=O)CCC(=O)O)COC(=O)C(C)(COC(=O)C(C)(COC(=O)CCC(=O)O)COC(=O)CCC(=O)O)COC(=O)C(C)(COC(=O)CCC(=O)O)COC(=O)CCC(=O)O,CCC(COC(=O)c1ccc(NC(=O)[C@@H]2[C@H](C(=O)Nc3ccc(C(=O)OCC(CC)(COC(=O)C(C)(COC(=O)C(C)(COC(=O)C(C)(COC(=O)CCC(=O)O)COC(=O)CCC(=O)O)COC(=O)C(C)(COC(=O)CCC(=O)O)COC(=O)CCC(=O)O)COC(=O)C(C)(COC(=O)C(C)(COC(=O)CCC(=O)O)COC(=O)CCC(=O)O)COC(=O)C(C)(COC(=O)CCC(=O)O)COC(=O)CCC(=O)O)COC(=O)C(C)(COC(=O)C(C)(COC(=O)C(C)(COC(=O)CCC(=O)O)COC(=O)CCC(=O)O)COC(=O)C(C)(COC(=O)CCC(=O)O)COC(=O)CCC(=O)O)COC(=O)C(C)(COC(=O)C(C)(COC(=O)CCC(=O)O)COC(=O)CCC(=O)O)COC(=O)C(C)(COC(=O)CCC(=O)O)COC(=O)CCC(=O)O)cc3)[C@@H]3C=C[C@@H]2C3)cc1)(COC(=O)C(C)(COC(=O)C(C)(COC(=O)C(C)(COC(=O)CCC(=O)O)COC(=O)CCC(=O)O)COC(=O)C(C)(COC(=O)CCC(=O)O)COC(=O)CCC(=O)O)COC(=O)C(C)(COC(=O)C(C)(COC(=O)CCC(=O)O)COC(=O)CCC(=O)O)COC(=O)C(C)(COC(=O)CCC(=O)O)COC(=O)CCC(=O)O)COC(=O)C(C)(COC(=O)C(C)(COC(=O)C(C)(COC(=O)CCC(=O)O)COC(=O)CCC(=O)O)COC(=O)C(C)(COC(=O)CCC(=O)O)COC(=O)CCC(=O)O)COC(=O)C(C)(COC(=O)C(C)(COC(=O)CCC(=O)O)COC(=O)CCC(=O)O)COC(=O)C(C)(COC(=O)CCC(=O)O)COC(=O)CCC(=O)O,amide,Sigma-Aldrich,"monoamine,dendron_amine",3480.09,True,bis_mpa,3,35.7403,230.7926,161.4569,2,False,0,True,0,0,0,True,,17.567690171384665,6.801424849597713,11.224703142294802,5402.48735157414,32.32309500363629,50.21863786965222,178.7773577168573,0.0,2.0,2.833,gc_formula,,0.0,17.567690171384665,17.567690171384665,6.801424849597713,6.801424849597713,11.224703142294802,11.224703142294802,267.0309710357476,16.34108230919077
CCC(COC(=O)c1ccc(N)cc1)(COC(=O)C(C)(COC(=O)C(C)(COC(=O)CCC(=O)O)COC(=O)CCC(=O)O)COC(=O)C(C)(COC(=O)CCC(=O)O)COC(=O)CCC(=O)O)COC(=O)C(C)(COC(=O)C(C)(COC(=O)CCC(=O)O)COC(=O)CCC(=O)O)COC(=O)C(C)(COC(=O)CCC(=O)O)COC(=O)CCC(=O)O,CCC(COC(=O)c1ccc(NC(=O)[C@@H]2[C@H](C(=O)Nc3ccc(C(=O)OCC(CC)(COC(=O)C(C)(COC(=O)C(C)(COC(=O)CCC(=O)O)COC(=O)CCC(=O)O)COC(=O)C(C)(COC(=O)CCC(=O)O)COC(=O)CCC(=O)O)COC(=O)C(C)(COC(=O)C(C)(COC(=O)CCC(=O)O)COC(=O)CCC(=O)O)COC(=O)C(C)(COC(=O)CCC(=O)O)COC(=O)CCC(=O)O)cc3)[C@@H]3C=C[C@@H]2C3)cc1)(COC(=O)C(C)(COC(=O)C(C)(COC(=O)CCC(=O)O)COC(=O)CCC(=O)O)COC(=O)C(C)(COC(=O)CCC(=O)O)COC(=O)CCC(=O)O)COC(=O)C(C)(COC(=O)C(C)(COC(=O)CCC(=O)O)COC(=O)CCC(=O)O)COC(=O)C(C)(COC(=O)CCC(=O)O)COC(=O)CCC(=O)O,amide,Sigma-Aldrich,"monoamine,dendron_amine",1750.578,True,bis_mpa,2,29.1673,113.9622,83.0745,2,False,0,True,0,0,0,True,,17.715257204571873,7.021839684238596,11.104393005332856,2782.3060699250677,27.4158343103618,31.73391238017893,91.86888371576732,0.0,2.0,2.833,gc_formula,,0.0,17.715257204571873,17.715257204571873,7.021839684238596,7.021839684238596,11.104393005332856,11.104393005332856,273.2249958800736,16.529518924641263
NCc1cc(OCc2ccccc2)cc(OCc2ccccc2)c1,O=C(NCc1cc(OCc2ccccc2)cc(OCc2ccccc2)c1)[C@@H]1[C@H](C(=O)NCc2cc(OCc3ccccc3)cc(OCc3ccccc3)c2)[C@@H]2C=C[C@@H]1C2,amide,Oakwood Products,"monoamine,dendron_amine",319.404,True,frechet,1,26.6187,4.9636,5.6695,0,False,0,True,2,0,0,True,,19.862847352924263,6.714210756466055,5.706160582226795,654.777068244877,25.681773902721066,6.7461106088764415,9.89737911146394,0.0,0.0,2.833,gc_formula,,0.0,19.862847352924263,19.862847352924263,6.714210756466055,6.714210756466055,5.706160582226795,5.706160582226795,282.8664234775798,16.818633222636727
CCC(COC(=O)c1ccc(N)cc1)(COC(=O)C(C)(COC(=O)C(C)(COC(=O)C(C)(CO)CO)COC(=O)C(C)(CO)CO)COC(=O)C(C)(COC(=O)C(C)(CO)CO)COC(=O)C(C)(CO)CO)COC(=O)C(C)(COC(=O)C(C)(COC(=O)C(C)(CO)CO)OC(=O)C(C)(CO)CO)COC(=O)C(CC)(OC(=O)C(C)(CO)CO)OC(=O)C(C)(CO)CO,CCC(COC(=O)c1ccc(NC(=O)[C@@H]2[C@H](C(=O)Nc3ccc(C(=O)OCC(CC)(COC(=O)C(C)(COC(=O)C(C)(COC(=O)C(C)(CO)CO)COC(=O)C(C)(CO)CO)COC(=O)C(C)(COC(=O)C(C)(CO)CO)COC(=O)C(C)(CO)CO)COC(=O)C(C)(COC(=O)C(C)(COC(=O)C(C)(CO)CO)OC(=O)C(C)(CO)CO)COC(=O)C(CC)(OC(=O)C(C)(CO)CO)OC(=O)C(C)(CO)CO)cc3)[C@@H]3C=C[C@@H]2C3)cc1)(COC(=O)C(C)(COC(=O)C(C)(COC(=O)C(C)(CO)CO)COC(=O)C(C)(CO)CO)COC(=O)C(C)(COC(=O)C(C)(CO)CO)COC(=O)C(C)(CO)CO)COC(=O)C(C)(COC(=O)C(C)(COC(=O)C(C)(CO)CO)OC(=O)C(C)(CO)CO)COC(=O)C(CC)(OC(=O)C(C)(CO)CO)OC(=O)C(C)(CO)CO,amide,Sigma-Aldrich,"monoamine,dendron_amine",1850.868,True,bis_mpa,3,23.906,126.807,242.7861,4,False,0,True,0,0,0,True,,17.493690247350642,8.310981906828713,14.52410369343641,3098.600766606927,24.937110009000826,43.82144326857168,172.084881431805,0.0,4.0,2.833,gc_formula,,0.0,17.493690247350642,17.493690247350642,8.310981906828713,8.310981906828713,14.52410369343641,14.52410369343641,371.9398731035061,19.285742741815938
CCC(COC(=O)c1ccc(N)cc1)(COC(=O)C(C)(COC(=O)C(C)(CO)CO)COC(=O)C(C)(CO)CO)COC(=O)C(C)(COC(=O)C(C)(CO)CO)COC(=O)C(C)(CO)CO,CCC(COC(=O)c1ccc(NC(=O)[C@@H]2[C@H](C(=O)Nc3ccc(C(=O)OCC(CC)(COC(=O)C(C)(COC(=O)C(C)(CO)CO)COC(=O)C(C)(CO)CO)COC(=O)C(C)(COC(=O)C(C)(CO)CO)COC(=O)C(C)(CO)CO)cc3)[C@@H]3C=C[C@@H]2C3)cc1)(COC(=O)C(C)(COC(=O)C(C)(CO)CO)COC(=O)C(C)(CO)CO)COC(=O)C(C)(COC(=O)C(C)(CO)CO)COC(=O)C(C)(CO)CO,amide,Sigma-Aldrich,"monoamine,dendron_amine",949.994,True,bis_mpa,2,24.0612,68.575,123.3481,2,False,0,True,0,0,0,True,,17.879166672273282,8.418563484603448,14.27069230445779,1613.9016314697412,23.617716077385293,26.79345756820624,88.0867917302768,0.0,2.0,2.833,gc_formula,,0.0,17.879166672273282,17.879166672273282,8.418563484603448,8.418563484603448,14.27069230445779,14.27069230445779,381.8199396695545,19.540213398772146
