sidechain_smiles,monomer_smiles,linkage,source,compound_type,molecular_weight,is_dendron,dendron_family,dendron_generation,delta_D_sp,delta_P_sp,delta_H_sp,n_unmatched_sp,has_si,n_si_atoms,used_2nd_order,n_unavail_d,n_unavail_p,n_unavail_hb,approx_ring_correction,hsp_error,D,P,H,V_formula,SPrefit_D,SPrefit_P,SPrefit_H,n_pooled_atoms,n_groups_new,expected_Ra_err,hsp_source,hsp_note,n_unmatched_atoms,delta_D,delta_D_corr,delta_P,delta_P_corr,delta_H,delta_H_corr,n_uncovered_atoms,incomplete_elements,cat_source,link,Ra_Water,RED_Water,Ra_Diiodomethane,RED_Diiodomethane,Ra_n_Hexadecane,RED_n_Hexadecane,Ra_PTFE,RED_PTFE,margin_dispersion,margin_polar,margin_hbonding,n_basic_N,qc_flag
CCCCCCCCCCCCCCCCCCOc1cc(CO)cc(OCCCCCCCCCCCCCCCCCC)c1OCCCCCCCCCCCCCCCCCC,CCCCCCCCCCCCCCCCCCOc1cc(COC(=O)[C@@H]2[C@H](C(=O)OCc3cc(OCCCCCCCCCCCCCCCCCC)c(OCCCCCCCCCCCCCCCCCC)c(OCCCCCCCCCCCCCCCCCC)c3)[C@@H]3C=C[C@@H]2C3)cc(OCCCCCCCCCCCCCCCCCC)c1OCCCCCCCCCCCCCCCCCC,ester,Ambeed,"monoalcohol,dendron_alcohol",913.595,True,percec,1,22.31,-10.7202,-6.7774,0,False,0,True,0,0,0,True,,16.867236424032548,2.734691260230965,3.1442975847733794,2158.3260018346195,19.435637513152784,2.0756548152721024,4.766663114235603,0.0,0.0,2.833,gc_formula,,0.0,16.867236424032548,16.867236424032548,2.734691260230965,2.734691260230965,3.1442975847733794,3.1442975847733794,0,,Ambeed,https://www.ambeed.com/products/233281-31-7.html,41.43205026725062,2.327643273441046,3.2229598015943344,0.4604228287991906,4.318816068483613,0.8637632136967227,9.318185512508842,1.3311693589298346,10.988247579028204,-17.276842748574964,-16.45763009949013,0,
CCCCCCCCCCCCCCCCCCCCCCOc1cc(CO)cc(OCCCCCCCCCCCCCCCCCCCCCC)c1,CCCCCCCCCCCCCCCCCCCCCCOc1cc(COC(=O)[C@@H]2[C@H](C(=O)OCc3cc(OCCCCCCCCCCCCCCCCCCCCCC)cc(OCCCCCCCCCCCCCCCCCCCCCC)c3)[C@@H]3C=C[C@@H]2C3)cc(OCCCCCCCCCCCCCCCCCCCCCC)c1,ester,Ambeed,"monoalcohol,dendron_alcohol",757.326,True,percec,1,22.213,-7.8562,-4.8992,0,False,0,True,0,0,0,True,,16.92969912932916,2.6039303264803904,3.0486971125970963,1810.9789407917317,19.673334646063243,1.8584379601677088,4.123736472760306,0.0,0.0,2.833,gc_formula,,0.0,16.92969912932916,16.92969912932916,2.6039303264803904,2.6039303264803904,3.0486971125970963,3.0486971125970963,0,,Ambeed,https://www.ambeed.com/products/955095-32-6.html,41.57277497904191,2.33554915612595,3.273893227698293,0.46769903252832756,4.202510107475501,0.8405020214951001,9.36143290998304,1.3373475585690058,11.277071690251672,-17.374465915445864,-16.484932343212453,0,
CC(C)(C)OC(=O)CCC(N)(CCC(=O)OC(C)(C)C)CCC(=O)OC(C)(C)C,CC(C)(C)OC(=O)CCC(CCC(=O)OC(C)(C)C)(CCC(=O)OC(C)(C)C)NC(=O)[C@@H]1[C@H](C(=O)NC(CCC(=O)OC(C)(C)C)(CCC(=O)OC(C)(C)C)CCC(=O)OC(C)(C)C)[C@@H]2C=C[C@@H]1C2,amide,Ambeed,"monoamine,dendron_amine",415.571,True,newkome,1,14.8483,18.5068,5.7551,0,False,0,True,2,0,0,True,,16.517493231839925,5.516739485573617,5.381068318141015,926.379764604732,14.851421554581616,5.263469349345897,7.749134092960058,0.0,0.0,2.833,gc_formula,,0.0,16.517493231839925,16.517493231839925,5.516739485573617,5.516739485573617,5.381068318141015,5.381068318141015,0,,Ambeed,https://www.ambeed.com/products/136586-99-7.html,38.43237486092242,2.159122183197889,3.0343509603650434,0.4334787086235776,7.718777365604784,1.5437554731209568,10.848194739068921,1.5497421055812743,5.619685428125294,-16.381822064407324,-16.653164399272526,0,
CCCCCCCCCCCCNC(=O)CCN(CCNCCN(CCC(=O)NCCCCCCCCCCCC)CCN(CCC(=O)NCCCCCCCCCCCC)CCC(=O)NCCCCCCCCCCCC)CCC(=O)NCCCCCCCCCCCC,CCCCCCCCCCCCNC(=O)CCN(CCC(=O)NCCCCCCCCCCCC)CCN(CCC(=O)NCCCCCCCCCCCC)CCN(CCN(CCC(=O)NCCCCCCCCCCCC)CCC(=O)NCCCCCCCCCCCC)C(=O)[C@@H]1[C@H](C(=O)N(CCN(CCC(=O)NCCCCCCCCCCCC)CCC(=O)NCCCCCCCCCCCC)CCN(CCC(=O)NCCCCCCCCCCCC)CCN(CCC(=O)NCCCCCCCCCCCC)CCC(=O)NCCCCCCCCCCCC)[C@@H]2C=C[C@@H]1C2,amide,Ambeed,dendron_amine,1343.253,True,pamam,1,6.6405,-18.3546,-17.0036,0,False,0,True,10,0,0,True,,17.023454322473153,6.115205415089197,4.295622964229535,2962.785198340629,21.06695575422109,12.396017717856484,15.666281382707622,0.0,0.0,2.833,gc_formula,,0.0,17.023454322473153,17.023454322473153,6.115205415089197,6.115205415089197,4.295622964229535,4.295622964229535,0,,Ambeed,https://www.ambeed.com/products/917572-74-8.html,39.38686951451623,2.2127454783436082,2.9613766785862072,0.423053811226601,7.611941838083942,1.5223883676167884,11.428785719996661,1.6326836742852373,6.61262594315442,-15.20387187161349,-18.843036773332813,6,basic N x6
CC1(C)OCC(COCC(O)COCC2COC(C)(C)O2)O1,CC1(C)OCC(COCC(COCC2COC(C)(C)O2)OC(=O)[C@@H]2[C@H](C(=O)OC(COCC3COC(C)(C)O3)COCC3COC(C)(C)O3)[C@@H]3C=C[C@@H]2C3)O1,ester,Ambeed,"monoalcohol,dendron_alcohol",320.382,True,glycerol,1,21.9705,16.3108,4.9031,0,False,0,True,0,0,0,True,,16.969753036488957,5.63108116752829,5.343780890806382,723.6853836092808,17.979416610230068,13.872494201505296,13.170182748471303,0.0,0.0,2.833,gc_formula,,0.0,16.969753036488957,16.969753036488957,5.63108116752829,5.63108116752829,5.343780890806382,5.343780890806382,0,,Ambeed,https://www.ambeed.com/products/53380-10-2.html,38.495679037447665,2.1626785976094194,2.4038066686665114,0.3434009526666445,7.8777754375067035,1.5755550875013407,11.540720657509475,1.6486743796442107,5.9948909781542845,-16.68245275976705,-17.257053313210864,0,
CC(O)CN(CCN(CC(C)O)CC(C)O)CCN(CC(C)O)CC(C)O,CC(O)CN(CCN(CCN(CC(C)O)CC(C)O)CC(C)OC(=O)[C@@H]1[C@H](C(=O)OC(C)CN(CCN(CC(C)O)CC(C)O)CCN(CC(C)O)CC(C)O)[C@@H]2C=C[C@@H]1C2)CC(C)O,ester,Ambeed,dendron_alcohol,393.569,True,generic_nested,2,19.9785,29.2112,55.9185,0,False,0,True,0,0,0,True,,17.156652143910776,5.583185221686232,6.627492966858203,856.5207976610536,17.64366885946174,19.384550441467745,34.35433333775658,0.0,0.0,2.833,gc_formula,,0.0,17.156652143910776,17.156652143910776,5.583185221686232,5.583185221686232,6.627492966858203,6.627492966858203,0,,Ambeed,https://www.ambeed.com/products/17121-34-5.html,37.30972759829457,2.09605211226374,2.3999872367485735,0.3428553195355105,8.833517522939443,1.7667035045878887,12.43151694575962,1.7759309922513744,4.945973955366341,-18.200959889082746,-16.112344398738806,6,basic N x6
OC(COCc1ccccc1)COCc1ccccc1,O=C(OC(COCc1ccccc1)COCc1ccccc1)[C@@H]1[C@H](C(=O)OC(COCc2ccccc2)COCc2ccccc2)[C@@H]2C=C[C@@H]1C2,ester,Sigma-Aldrich,"monoalcohol,dendron_alcohol",272.344,True,glycerol,1,24.0269,6.08,2.6078,0,False,0,True,0,0,0,True,,18.3657648981486,4.505575936859941,4.8234797830843945,621.2007647620371,22.254565452036825,8.831889727522398,10.771633916382497,0.0,0.0,2.833,gc_formula,,0.0,18.3657648981486,18.3657648981486,4.505575936859941,4.505575936859941,4.8234797830843945,4.8234797830843945,0,,Sigma-Aldrich,https://www.sigmaaldrich.com/catalog/product/aldrich/288489?utm_source=pubchem&utm_campaign=pubchem_2017&utm_medium=referral,39.616433281127414,2.225642319164461,1.4507796176910257,0.20725423109871796,7.786893488312705,1.557378697662541,13.11372331815059,1.8733890454500843,9.036709178204266,-18.683668744373055,-18.047861051924148,0,
OCc1cc(OCc2ccccc2)cc(OCc2ccccc2)c1,O=C(OCc1cc(OCc2ccccc2)cc(OCc2ccccc2)c1)[C@@H]1[C@H](C(=O)OCc2cc(OCc3ccccc3)cc(OCc3ccccc3)c2)[C@@H]2C=C[C@@H]1C2,ester,Sigma-Aldrich,"monoalcohol,dendron_alcohol",320.388,True,frechet,1,27.8479,10.1832,5.2028,0,False,0,True,0,0,0,True,,19.617523616160373,4.722950995565092,5.414384744931296,658.2990155827549,25.21743370030196,6.344768411330787,9.451329250379828,0.0,0.0,2.833,gc_formula,,0.0,19.617523616160373,19.617523616160373,4.722950995565092,4.722950995565092,5.414384744931296,5.414384744931296,0,,Sigma-Aldrich,https://www.sigmaaldrich.com/catalog/product/aldrich/519200?utm_source=pubchem&utm_campaign=pubchem_2017&utm_medium=referral,39.44028967834715,2.215746611143098,3.728021820510813,0.532574545787259,9.779860942149494,1.9559721884298988,15.58943104135619,2.2270615773365985,9.480187875663985,-20.308957365526577,-18.926089866794168,0,
OCc1cc(OCc2ccccc2)c(OCc2ccccc2)c(OCc2ccccc2)c1,O=C(OCc1cc(OCc2ccccc2)c(OCc2ccccc2)c(OCc2ccccc2)c1)[C@@H]1[C@H](C(=O)OCc2cc(OCc3ccccc3)c(OCc3ccccc3)c(OCc3ccccc3)c2)[C@@H]2C=C[C@@H]1C2,ester,Ambeed,"monoalcohol,dendron_alcohol",426.512,True,frechet,1,30.3394,11.8134,5.5892,0,False,0,True,0,0,0,True,,19.739290221639653,4.813685919278334,5.47476050585668,831.1832556496668,27.198821841776923,7.572121892870452,11.77253817791942,0.0,0.0,2.833,gc_formula,,0.0,19.739290221639653,19.739290221639653,4.813685919278334,4.813685919278334,5.47476050585668,5.47476050585668,0,,Ambeed,https://www.ambeed.com/products/79831-88-2.html,39.409620815820126,2.2140236413382093,3.984826877812986,0.5692609825447122,10.022945856414227,2.0045891712828454,15.85405317336337,2.26486473905191,9.450843796504639,-20.400364808217997,-19.07821563506131,0,
COc1cc(COc2cc(CO)cc(OCc3cc(OC)cc(OC)c3)c2)cc(OC)c1,COc1cc(COc2cc(COC(=O)[C@@H]3[C@H](C(=O)OCc4cc(OCc5cc(OC)cc(OC)c5)cc(OCc5cc(OC)cc(OC)c5)c4)[C@@H]4C=C[C@@H]3C4)cc(OCc3cc(OC)cc(OC)c3)c2)cc(OC)c1,ester,TCI,"monoalcohol,dendron_alcohol",440.492,True,frechet,1,28.8836,27.2248,9.7753,0,False,0,True,0,0,0,True,,19.40523470200824,5.922882623570905,6.880975711057991,834.2798572065609,25.124957553129217,9.921136958253436,13.82455389374836,0.0,0.0,2.833,gc_formula,,0.0,19.40523470200824,19.40523470200824,5.922882623570905,5.922882623570905,6.880975711057991,6.880975711057991,0,,TCI,http://www.tcichemicals.com/eshop/en/us/commodity/B2246/index.html,37.64384423129591,2.1148227096233656,4.0381012638866745,0.5768716091266678,10.999922523681382,2.1999845047362765,16.194723058602463,2.3135318655146375,6.601376367379345,-20.36332778949533,-18.44714161452115,0,
NCc1cc(OCc2ccccc2)cc(OCc2ccccc2)c1,O=C(NCc1cc(OCc2ccccc2)cc(OCc2ccccc2)c1)[C@@H]1[C@H](C(=O)NCc2cc(OCc3ccccc3)cc(OCc3ccccc3)c2)[C@@H]2C=C[C@@H]1C2,amide,Oakwood Products,"monoamine,dendron_amine",319.404,True,frechet,1,26.6187,4.9636,5.6695,0,False,0,True,2,0,0,True,,19.862847352924263,6.714210756466055,5.706160582226795,654.777068244877,25.681773902721066,6.7461106088764415,9.89737911146394,0.0,0.0,2.833,gc_formula,,0.0,19.862847352924263,19.862847352924263,6.714210756466055,6.714210756466055,5.706160582226795,5.706160582226795,0,,Oakwood Products,http://www.oakwoodchemical.com/ProductsList.aspx?CategoryID=-2&txtSearch=141446&ExtHyperLink=1,38.74884144472936,2.176901204760076,4.998363849635186,0.7140519785193122,11.332096880690749,2.26641937613815,16.818633222636727,2.4026618889481037,7.4424760142314135,-18.854797178685,-20.87089752716352,0,
