sidechain_smiles,monomer_smiles,linkage,source,link,molecular_weight,delta_D_corr,delta_P_corr,delta_H_corr,Ra_Water,Ra_Diiodomethane,Ra_n_Hexadecane,Ra_PTFE,RED_Water,RED_Diiodomethane,RED_n_Hexadecane,RED_PTFE,margin_dispersion,margin_polar,margin_hbonding,n_basic_N,incomplete_elements,n_unmatched_atoms,n_unavail_d,n_unavail_p,n_unavail_hb,n_uncovered_atoms,has_si,n_si_atoms,hsp_note
NCc1cc(OCc2ccccc2)cc(OCc2ccccc2)c1,O=C(NCc1cc(OCc2ccccc2)cc(OCc2ccccc2)c1)[C@@H]1[C@H](C(=O)NCc2cc(OCc3ccccc3)cc(OCc3ccccc3)c2)[C@@H]2C=C[C@@H]1C2,amide,Oakwood Products,http://www.oakwoodchemical.com/ProductsList.aspx?CategoryID=-2&txtSearch=141446&ExtHyperLink=1,319.404,19.862847352924263,6.714210756466055,5.706160582226795,38.74884144472936,4.998363849635186,11.332096880690749,16.818633222636727,2.176901204760076,0.7140519785193122,2.26641937613815,2.4026618889481037,7.4424760142314135,-18.854797178685,-20.87089752716352,0,,0.0,2,0,0,0,False,0,
COc1cc(COc2cc(CO)cc(OCc3cc(OC)cc(OC)c3)c2)cc(OC)c1,COc1cc(COc2cc(COC(=O)[C@@H]3[C@H](C(=O)OCc4cc(OCc5cc(OC)cc(OC)c5)cc(OCc5cc(OC)cc(OC)c5)c4)[C@@H]4C=C[C@@H]3C4)cc(OCc3cc(OC)cc(OC)c3)c2)cc(OC)c1,ester,TCI,http://www.tcichemicals.com/eshop/en/us/commodity/B2246/index.html,440.492,19.40523470200824,5.922882623570905,6.880975711057991,37.64384423129591,4.0381012638866745,10.999922523681382,16.194723058602463,2.1148227096233656,0.5768716091266678,2.1999845047362765,2.3135318655146375,6.601376367379345,-20.36332778949533,-18.44714161452115,0,,0.0,0,0,0,0,False,0,
OCc1cc(OCc2ccccc2)c(OCc2ccccc2)c(OCc2ccccc2)c1,O=C(OCc1cc(OCc2ccccc2)c(OCc2ccccc2)c(OCc2ccccc2)c1)[C@@H]1[C@H](C(=O)OCc2cc(OCc3ccccc3)c(OCc3ccccc3)c(OCc3ccccc3)c2)[C@@H]2C=C[C@@H]1C2,ester,Ambeed,https://www.ambeed.com/products/79831-88-2.html,426.512,19.739290221639653,4.813685919278334,5.47476050585668,39.409620815820126,3.984826877812986,10.022945856414227,15.85405317336337,2.2140236413382093,0.5692609825447122,2.0045891712828454,2.26486473905191,9.450843796504639,-20.400364808217997,-19.07821563506131,0,,0.0,0,0,0,0,False,0,
OCc1cc(OCc2ccccc2)cc(OCc2ccccc2)c1,O=C(OCc1cc(OCc2ccccc2)cc(OCc2ccccc2)c1)[C@@H]1[C@H](C(=O)OCc2cc(OCc3ccccc3)cc(OCc3ccccc3)c2)[C@@H]2C=C[C@@H]1C2,ester,Sigma-Aldrich,https://www.sigmaaldrich.com/catalog/product/aldrich/519200?utm_source=pubchem&utm_campaign=pubchem_2017&utm_medium=referral,320.388,19.617523616160373,4.722950995565092,5.414384744931296,39.44028967834715,3.728021820510813,9.779860942149494,15.58943104135619,2.215746611143098,0.532574545787259,1.9559721884298988,2.2270615773365985,9.480187875663985,-20.308957365526577,-18.926089866794168,0,,0.0,0,0,0,0,False,0,
CCCCCCCCCCCCCCCCCCCCCCOc1cc(CO)cc(OCCCCCCCCCCCCCCCCCCCCCC)c1,CCCCCCCCCCCCCCCCCCCCCCOc1cc(COC(=O)[C@@H]2[C@H](C(=O)OCc3cc(OCCCCCCCCCCCCCCCCCCCCCC)cc(OCCCCCCCCCCCCCCCCCCCCCC)c3)[C@@H]3C=C[C@@H]2C3)cc(OCCCCCCCCCCCCCCCCCCCCCC)c1,ester,Ambeed,https://www.ambeed.com/products/955095-32-6.html,757.326,16.92969912932916,2.6039303264803904,3.0486971125970963,41.57277497904191,3.273893227698293,4.202510107475501,9.36143290998304,2.33554915612595,0.46769903252832756,0.8405020214951001,1.3373475585690058,11.277071690251672,-17.374465915445864,-16.484932343212453,0,,0.0,0,0,0,0,False,0,
CCCCCCCCCCCCCCCCCCOc1cc(CO)cc(OCCCCCCCCCCCCCCCCCC)c1OCCCCCCCCCCCCCCCCCC,CCCCCCCCCCCCCCCCCCOc1cc(COC(=O)[C@@H]2[C@H](C(=O)OCc3cc(OCCCCCCCCCCCCCCCCCC)c(OCCCCCCCCCCCCCCCCCC)c(OCCCCCCCCCCCCCCCCCC)c3)[C@@H]3C=C[C@@H]2C3)cc(OCCCCCCCCCCCCCCCCCC)c1OCCCCCCCCCCCCCCCCCC,ester,Ambeed,https://www.ambeed.com/products/233281-31-7.html,913.595,16.867236424032548,2.734691260230965,3.1442975847733794,41.43205026725062,3.2229598015943344,4.318816068483613,9.318185512508842,2.327643273441046,0.4604228287991906,0.8637632136967227,1.3311693589298346,10.988247579028204,-17.276842748574964,-16.45763009949013,0,,0.0,0,0,0,0,False,0,
CC(C)(C)OC(=O)CCC(N)(CCC(=O)OC(C)(C)C)CCC(=O)OC(C)(C)C,CC(C)(C)OC(=O)CCC(CCC(=O)OC(C)(C)C)(CCC(=O)OC(C)(C)C)NC(=O)[C@@H]1[C@H](C(=O)NC(CCC(=O)OC(C)(C)C)(CCC(=O)OC(C)(C)C)CCC(=O)OC(C)(C)C)[C@@H]2C=C[C@@H]1C2,amide,Ambeed,https://www.ambeed.com/products/136586-99-7.html,415.571,16.517493231839925,5.516739485573617,5.381068318141015,38.43237486092242,3.0343509603650434,7.718777365604784,10.848194739068921,2.159122183197889,0.4334787086235776,1.5437554731209568,1.5497421055812743,5.619685428125294,-16.381822064407324,-16.653164399272526,0,,0.0,2,0,0,0,False,0,
CCCCCCCCCCCCNC(=O)CCN(CCNCCN(CCC(=O)NCCCCCCCCCCCC)CCN(CCC(=O)NCCCCCCCCCCCC)CCC(=O)NCCCCCCCCCCCC)CCC(=O)NCCCCCCCCCCCC,CCCCCCCCCCCCNC(=O)CCN(CCC(=O)NCCCCCCCCCCCC)CCN(CCC(=O)NCCCCCCCCCCCC)CCN(CCN(CCC(=O)NCCCCCCCCCCCC)CCC(=O)NCCCCCCCCCCCC)C(=O)[C@@H]1[C@H](C(=O)N(CCN(CCC(=O)NCCCCCCCCCCCC)CCC(=O)NCCCCCCCCCCCC)CCN(CCC(=O)NCCCCCCCCCCCC)CCN(CCC(=O)NCCCCCCCCCCCC)CCC(=O)NCCCCCCCCCCCC)[C@@H]2C=C[C@@H]1C2,amide,Ambeed,https://www.ambeed.com/products/917572-74-8.html,1343.253,17.023454322473153,6.115205415089197,4.295622964229535,39.38686951451623,2.9613766785862072,7.611941838083942,11.428785719996661,2.2127454783436082,0.423053811226601,1.5223883676167884,1.6326836742852373,6.61262594315442,-15.20387187161349,-18.843036773332813,6,,0.0,10,0,0,0,False,0,
CC1(C)OCC(COCC(O)COCC2COC(C)(C)O2)O1,CC1(C)OCC(COCC(COCC2COC(C)(C)O2)OC(=O)[C@@H]2[C@H](C(=O)OC(COCC3COC(C)(C)O3)COCC3COC(C)(C)O3)[C@@H]3C=C[C@@H]2C3)O1,ester,Ambeed,https://www.ambeed.com/products/53380-10-2.html,320.382,16.969753036488957,5.63108116752829,5.343780890806382,38.495679037447665,2.4038066686665114,7.8777754375067035,11.540720657509475,2.1626785976094194,0.3434009526666445,1.5755550875013407,1.6486743796442107,5.9948909781542845,-16.68245275976705,-17.257053313210864,0,,0.0,0,0,0,0,False,0,
CC(O)CN(CCN(CC(C)O)CC(C)O)CCN(CC(C)O)CC(C)O,CC(O)CN(CCN(CCN(CC(C)O)CC(C)O)CC(C)OC(=O)[C@@H]1[C@H](C(=O)OC(C)CN(CCN(CC(C)O)CC(C)O)CCN(CC(C)O)CC(C)O)[C@@H]2C=C[C@@H]1C2)CC(C)O,ester,Ambeed,https://www.ambeed.com/products/17121-34-5.html,393.569,17.156652143910776,5.583185221686232,6.627492966858203,37.30972759829457,2.3999872367485735,8.833517522939443,12.43151694575962,2.09605211226374,0.3428553195355105,1.7667035045878887,1.7759309922513744,4.945973955366341,-18.200959889082746,-16.112344398738806,6,,0.0,0,0,0,0,False,0,
OC(COCc1ccccc1)COCc1ccccc1,O=C(OC(COCc1ccccc1)COCc1ccccc1)[C@@H]1[C@H](C(=O)OC(COCc2ccccc2)COCc2ccccc2)[C@@H]2C=C[C@@H]1C2,ester,Sigma-Aldrich,https://www.sigmaaldrich.com/catalog/product/aldrich/288489?utm_source=pubchem&utm_campaign=pubchem_2017&utm_medium=referral,272.344,18.3657648981486,4.505575936859941,4.8234797830843945,39.616433281127414,1.4507796176910257,7.786893488312705,13.11372331815059,2.225642319164461,0.20725423109871796,1.557378697662541,1.8733890454500843,9.036709178204266,-18.683668744373055,-18.047861051924148,0,,0.0,0,0,0,0,False,0,
