sidechain_smiles,monomer_smiles,linkage,source,link,molecular_weight,delta_D_corr,delta_P_corr,delta_H_corr,Ra_Water,Ra_Diiodomethane,Ra_n_Hexadecane,Ra_PTFE,RED_Water,RED_Diiodomethane,RED_n_Hexadecane,RED_PTFE,n_basic_N,incomplete_elements,n_unmatched_atoms,n_unavail_d,n_unavail_p,n_unavail_hb,n_uncovered_atoms,has_si,n_si_atoms
O=C1CC2(CCNCC2)CC(=O)N1,O=C1CC2(CCN(C(=O)[C@@H]3[C@H](C(=O)N4CCC5(CC4)CC(=O)NC(=O)C5)[C@@H]4C=C[C@@H]3C4)CC2)CC(=O)N1,amide,Oakwood Products,http://www.oakwoodchemical.com/ProductsList.aspx?CategoryID=-2&txtSearch=76585&ExtHyperLink=1,182.223,23.999,12.957,13.4617,33.61308376049421,17.295326533199653,24.211559633571728,29.321848848427003,1.8883754921625961,2.470760933314236,4.842311926714346,4.188835549775286,0,,0,6,6,4,0,False,0
CC1(C)OB(c2ccc(Cl)cc2CNC2CCCCC2)OC1(C)C,CC1(C)OB(c2ccc(Cl)cc2CN(C(=O)[C@@H]2[C@H](C(=O)N(Cc3cc(Cl)ccc3B3OC(C)(C)C(C)(C)O3)C3CCCCC3)[C@@H]3C=C[C@@H]2C3)C2CCCCC2)OC1(C)C,amide,Ambeed,https://www.ambeed.com/products/2096340-23-5.html,349.711,23.997,9.7278,4.35,42.05162337936551,13.743980094572313,18.722388438444494,24.980821220288178,2.3624507516497477,1.9634257277960447,3.7444776876888985,3.568688745755454,0,B,2,0,2,2,2,False,0
O=C(C1CCOCC1)N1CCCNCC1,O=C(C1CCOCC1)N1CCCN(C(=O)[C@@H]2[C@H](C(=O)N3CCCN(C(=O)C4CCOCC4)CC3)[C@@H]3C=C[C@@H]2C3)CC1,amide,Matrix Scientific,https://www.matrixscientific.com/216046.html,212.293,23.9966,6.1222,10.7897,37.138104221540445,13.656884899932342,19.769915659152417,25.775019789905112,2.086410349524744,1.9509835571331917,3.9539831318304834,3.6821456842721587,0,,0,0,2,0,0,False,0
OCCN1CCN(C2CCC2)CC1,O=C(OCCN1CCN(C2CCC2)CC1)[C@@H]1[C@H](C(=O)OCCN2CCN(C3CCC3)CC2)[C@@H]2C=C[C@@H]1C2,ester,Ambeed,https://www.ambeed.com/products/1864762-45-7.html,184.283,23.9956,12.5586,8.3353,38.13325264765648,15.380250891646726,21.542625129960367,27.158018659136385,2.142317564475083,2.1971786988066753,4.308525025992074,3.879716951305198,4,,0,0,2,0,0,False,0
NCc1cc(Cl)c2c(c1)OCCCO2,O=C(NCc1cc(Cl)c2c(c1)OCCCO2)[C@@H]1[C@H](C(=O)NCc2cc(Cl)c3c(c2)OCCCO3)[C@@H]2C=C[C@@H]1C2,amide,Oakwood Products,http://www.oakwoodchemical.com/ProductsList.aspx?CategoryID=-2&txtSearch=49533&ExtHyperLink=1,213.664,23.9945,11.017,10.9671,35.98898487607006,15.29798001077266,21.874023233278322,27.421059286796343,2.0218530829252845,2.1854257158246657,4.374804646655664,3.917294183828049,0,,0,2,2,0,0,False,0
COc1cc2c(cc1Br)CCNC2,COc1cc2c(cc1Br)CCN(C(=O)[C@@H]1[C@H](C(=O)N3CCc4cc(Br)c(OC)cc4C3)[C@@H]3C=C[C@@H]1C3)C2,amide,Ambeed,https://www.ambeed.com/products/1393714-71-0.html,242.116,23.9933,9.5684,10.0179,37.041112814412045,14.351656299187214,20.70410728647821,26.496548804136744,2.080961394068092,2.050236614169602,4.140821457295642,3.7852212577338205,0,,0,2,4,2,0,False,0
OCCN1CCc2ccccc2C1,O=C(OCCN1CCc2ccccc2C1)[C@@H]1[C@H](C(=O)OCCN2CCc3ccccc3C2)[C@@H]2C=C[C@@H]1C2,ester,Sigma-Aldrich,https://www.sigmaaldrich.com/catalog/product/aldrich/cbr00381?utm_source=pubchem&utm_campaign=pubchem_2017&utm_medium=referral,177.247,23.9933,11.1022,5.7777,40.57599563399523,14.3309686235788,19.83401426060796,25.822377150254777,2.279550316516586,2.0472812319398286,3.9668028521215923,3.688911021464968,2,,0,0,2,0,0,False,0
CC(C)Oc1ccc2c(C(CO)CO)cccc2c1,CC(C)Oc1ccc2c(C(CO)COC(=O)[C@@H]3[C@H](C(=O)OCC(CO)c4cccc5cc(OC(C)C)ccc45)[C@@H]4C=C[C@@H]3C4)cccc2c1,ester,Ambeed,https://www.ambeed.com/products/1015856-05-9.html,260.333,23.992,8.3596,16.6835,31.67076002261392,17.27200510681953,24.18448966610625,29.296060151665447,1.7792561810457257,2.4674293009742185,4.83689793322125,4.185151450237921,0,,0,0,2,0,0,False,0
OCCc1ccccc1I,O=C(OCCc1ccccc1I)[C@@H]1[C@H](C(=O)OCCc2ccccc2I)[C@@H]2C=C[C@@H]1C2,ester,Ambeed,https://www.ambeed.com/products/26059-40-5.html,248.063,23.9915,9.8928,4.2813,42.084934721702965,13.810777332576174,18.78386835904681,25.023766913276663,2.364322175376571,1.972968190368025,3.756773671809362,3.574823844753809,0,,0,0,2,0,0,False,0
OCCOC1CCC(NCc2ccccc2)CC1,O=C(OCCOC1CCC(NCc2ccccc2)CC1)[C@@H]1[C@H](C(=O)OCCOC2CCC(NCc3ccccc3)CC2)[C@@H]2C=C[C@@H]1C2,ester,Oakwood Products,http://www.oakwoodchemical.com/ProductsList.aspx?CategoryID=-2&txtSearch=65669&ExtHyperLink=1,249.354,23.989,4.8666,4.74,42.69612019329156,12.438922765255839,16.81173041539746,23.57790235708003,2.3986584378253686,1.77698896646512,3.362346083079492,3.3682717652971474,2,,0,0,2,2,0,False,0
COCCOc1ccc(CNC2CC2)cc1,COCCOc1ccc(CN(C(=O)[C@@H]2[C@H](C(=O)N(Cc3ccc(OCCOC)cc3)C3CC3)[C@@H]3C=C[C@@H]2C3)C2CC2)cc1,amide,Combi-Blocks,https://www.combi-blocks.com/cgi-bin/find.cgi?QD-5743,221.3,23.9875,15.0996,4.8049,41.16848150187227,16.7049342761353,22.078849815377612,27.581073386835403,2.3128360394310263,2.386419182305043,4.4157699630755225,3.940153340976486,0,,0,0,2,0,0,False,0
O=C1COC2(CCNCC2)N1,O=C1COC2(CCN(C(=O)[C@@H]3[C@H](C(=O)N4CCC5(CC4)NC(=O)CO5)[C@@H]4C=C[C@@H]3C4)CC2)N1,amide,Combi-Blocks,https://www.combi-blocks.com/cgi-bin/find.cgi?QN-6629,156.185,23.9874,9.9018,13.8191,33.71191989623255,16.07372710636833,22.921554115940744,28.260126735207685,1.8939280840580084,2.29624672948119,4.584310823188149,4.037160962172527,0,,0,4,4,2,0,False,0
CCOC(=O)C1=C(C)NC(C)=C(C(=O)OCC)C1c1ccc(OCc2ccc(C)cc2)cc1,CCOC(=O)C1=C(C)N(C(=O)[C@@H]2[C@H](C(=O)N3C(C)=C(C(=O)OCC)C(c4ccc(OCc5ccc(C)cc5)cc4)C(C(=O)OCC)=C3C)[C@@H]3C=C[C@@H]2C3)C(C)=C(C(=O)OCC)C1c1ccc(OCc2ccc(C)cc2)cc1,amide,Sigma-Aldrich,https://www.sigmaaldrich.com/catalog/product/aldrich/l133930,449.547,23.9871,11.1726,8.5966,38.044006465670776,14.683339809457522,20.858920105317054,26.614338766161374,2.137303734026448,2.097619972779646,4.171784021063411,3.8020483951659108,0,,0,0,6,0,0,False,0
OCCN1CNC(=S)NC1,O=C(OCCN1CNC(=S)NC1)[C@@H]1[C@H](C(=O)OCCN2CNC(=S)NC2)[C@@H]2C=C[C@@H]1C2,ester,Ambeed,https://www.ambeed.com/products/26957-73-3.html,161.23,23.9847,8.4788,21.9877,27.5157866885539,21.114253884283954,28.134808637877743,32.63015196241047,1.5458307128401065,3.0163219834691364,5.626961727575549,4.661450280344353,6,,0,0,2,0,0,False,0
CC1(NC(=O)OCc2ccccc2)CNC1,CC1(NC(=O)OCc2ccccc2)CN(C(=O)[C@@H]2[C@H](C(=O)N3CC(C)(NC(=O)OCc4ccccc4)C3)[C@@H]3C=C[C@@H]2C3)C1,amide,Combi-Blocks,https://www.combi-blocks.com/cgi-bin/find.cgi?QM-7022,220.272,23.9832,8.8836,10.5413,36.70309119965238,14.254080945820393,20.643730370502322,26.44389841929514,2.0619714157108078,2.036297277974342,4.128746074100464,3.7776997741850202,0,,0,2,2,0,0,False,0
O=C1CC2(CCNCC2)C(=O)N1,O=C1CC2(CCN(C(=O)[C@@H]3[C@H](C(=O)N4CCC5(CC4)CC(=O)NC5=O)[C@@H]4C=C[C@@H]3C4)CC2)C(=O)N1,amide,Combi-Blocks,https://www.combi-blocks.com/cgi-bin/find.cgi?QE-5782,168.196,23.9827,13.5852,14.2371,32.88133836403257,17.97340069686313,24.96694199556686,29.94077408167665,1.847266200226549,2.5676286709804472,4.993388399113372,4.277253440239521,0,,0,6,6,4,0,False,0
c1ccc(C2CCNCC2)cc1,O=C([C@@H]1[C@H](C(=O)N2CCC(c3ccccc3)CC2)[C@@H]2C=C[C@@H]1C2)N1CCC(c2ccccc2)CC1,amide,Sigma-Aldrich,https://www.sigmaaldrich.com/catalog/product/aldrich/639869?utm_source=pubchem&utm_campaign=pubchem_2017&utm_medium=referral,161.248,23.9822,0.7626,3.5629,44.950329726599335,12.902481254781963,15.790522554051208,22.8566831042914,2.525299422842659,1.8432116078259946,3.1581045108102415,3.2652404434702,0,,0,0,2,0,0,False,0
Brc1cccc(C2CNC2)c1,O=C([C@@H]1[C@H](C(=O)N2CC(c3cccc(Br)c3)C2)[C@@H]2C=C[C@@H]1C2)N1CC(c2cccc(Br)c2)C1,amide,Combi-Blocks,https://www.combi-blocks.com/cgi-bin/find.cgi?QM-6842,212.09,23.9808,3.0604,6.4543,41.71382661911994,12.426776380461664,16.941156725855524,23.66537198545588,2.343473405568536,1.7752537686373806,3.388231345171105,3.3807674264936973,0,,0,2,4,2,0,False,0
O=C(C1CCNCC1)N1CCOCC1,O=C(C1CCN(C(=O)[C@@H]2[C@H](C(=O)N3CCC(C(=O)N4CCOCC4)CC3)[C@@H]3C=C[C@@H]2C3)CC1)N1CCOCC1,amide,Sigma-Aldrich,https://www.sigmaaldrich.com/catalog/product/aldrich/cbr01875?utm_source=pubchem&utm_campaign=pubchem_2017&utm_medium=referral,198.266,23.9803,6.7504,11.5651,36.30221936094266,14.060392972104298,20.378112536002934,26.235474276826025,2.039450525895655,2.008627567443471,4.0756225072005865,3.7479248966894323,0,,0,0,2,0,0,False,0
OCC12CCN(CC1)CC2,O=C(OCC12CCN(CC1)CC2)[C@@H]1[C@H](C(=O)OCC23CCN(CC2)CC3)[C@@H]2C=C[C@@H]1C2,ester,Combi-Blocks,https://www.combi-blocks.com/cgi-bin/find.cgi?JG-1187,141.214,23.9787,7.298,6.3631,40.67848326044126,12.845103361592695,18.15487759171072,24.54763003570813,2.2853080483393966,1.8350147659418137,3.6309755183421437,3.5068042908154475,2,,0,0,2,0,0,False,0
OC(COCc1ccccc1)COCc1ccccc1,O=C(OC(COCc1ccccc1)COCc1ccccc1)[C@@H]1[C@H](C(=O)OC(COCc2ccccc2)COCc2ccccc2)[C@@H]2C=C[C@@H]1C2,ester,Sigma-Aldrich,https://www.sigmaaldrich.com/catalog/product/aldrich/288489?utm_source=pubchem&utm_campaign=pubchem_2017&utm_medium=referral,272.344,23.9787,6.08,3.2922,43.675717230516085,12.740962114377389,16.842052000869728,23.593246398069088,2.4536919792424765,1.8201374449110557,3.3684104001739454,3.370463771152727,0,,0,0,2,0,0,False,0
OCCC1(NCc2ccccc2)COC1,O=C([C@@H]1[C@H](C(=O)N(Cc2ccccc2)C2(CCO)COC2)[C@@H]2C=C[C@@H]1C2)N(Cc1ccccc1)C1(CCO)COC1,amide,Sigma-Aldrich,https://www.sigmaaldrich.com/catalog/product/aldrich/spc00299,207.273,23.9787,10.8228,19.6803,28.740348687689924,20.042739400840393,27.208398385241274,31.832114329557186,1.6146263307690967,2.8632484858343417,5.4416796770482545,4.547444904222455,0,,0,0,4,2,0,False,0
COc1ccc2c(c1)CNCCC2,COc1ccc2c(c1)CN(C(=O)[C@@H]1[C@H](C(=O)N3CCCc4ccc(OC)cc4C3)[C@@H]3C=C[C@@H]1C3)CCC2,amide,Ambeed,https://www.ambeed.com/products/247133-22-8.html,177.247,23.9784,8.6816,7.9019,39.04255791325666,13.46563509122388,19.32980880427947,25.428712677011397,2.193402129958239,1.9236621558891258,3.865961760855894,3.6326732395730565,0,,0,0,2,0,0,False,0
CC(C)NCc1ccc2c(c1)OCCO2,CC(C)N(Cc1ccc2c(c1)OCCO2)C(=O)[C@@H]1[C@H](C(=O)N(Cc2ccc3c(c2)OCCO3)C(C)C)[C@@H]2C=C[C@@H]1C2,amide,Oakwood Products,http://www.oakwoodchemical.com/ProductsList.aspx?CategoryID=-2&txtSearch=73957&ExtHyperLink=1,207.273,23.9777,9.9764,8.3437,38.429151120080704,14.059344785942193,20.122976812837607,26.036358343862148,2.158941074161837,2.0084778265631704,4.0245953625675215,3.719479763408878,0,,0,0,2,0,0,False,0
OC(c1ccc(Br)cc1)c1ccc(Br)cc1,O=C(OC(c1ccc(Br)cc1)c1ccc(Br)cc1)[C@@H]1[C@H](C(=O)OC(c2ccc(Br)cc2)c2ccc(Br)cc2)[C@@H]2C=C[C@@H]1C2,ester,Ambeed,https://www.ambeed.com/products/29334-18-7.html,342.03,23.9761,3.2012,5.5782,42.422599655372366,12.3721979259952,16.644940418036946,23.45134796808064,2.3832921154703577,1.767456846570743,3.3289880836073893,3.350192566868663,0,,0,4,6,4,0,False,0
