sidechain_smiles,monomer_smiles,source,link,delta_D_corr,delta_P_corr,delta_H_corr,Ra_Water,Ra_Diiodomethane,Ra_n_Hexadecane,Ra_PTFE,RED_Water,RED_Diiodomethane,RED_n_Hexadecane,RED_PTFE
Oc1cc(CNC(=S)/C=C/c2cc(O)c(O)c(Br)c2)cc(O)c1O,O=C([C@@H]1[C@H](C(=O)N(Cc2cc(O)c(O)c(O)c2)C(=S)/C=C/c2cc(O)c(O)c(Br)c2)[C@@H]2C=C[C@@H]1C2)N(Cc1cc(O)c(O)c(O)c1)C(=S)/C=C/c1cc(O)c(O)c(Br)c1,Ambeed,https://www.ambeed.com/products/1384426-12-3.html,29.5785,1.815,87.8779,55.41999496941514,85.70529669985397,91.8209877011242,94.15601192919122,3.113482863450289,12.243613814264853,18.36419754022484,13.450858847027318
NCC(=O)NCC(=O)NCC(=O)NCC(=O)NCC(=O)NCC(=O)O,O=C(O)CNC(=O)CNC(=O)CNC(=O)CNC(=O)CNC(=O)CNC(=O)CNC(=O)CNC(=O)CNC(=O)CNC(=O)CNC(=O)CNC(=O)[C@H]1[C@@H](C(=O)O)[C@@H]2C=C[C@@H]1C2,Sigma-Aldrich,https://www.sigmaaldrich.com/catalog/product/sigma/g5630?utm_source=pubchem&utm_campaign=pubchem_2017&utm_medium=referral,-12.2489,10.2318,54.3329,57.07949385278394,77.69484782461448,79.47900677845692,74.47512469603525,3.2067131377968505,11.099263974944927,15.895801355691384,10.639303528005035
Nc1cc(S(=O)(=O)O)cc2cc(S(=O)(=O)O)cc(S(=O)(=O)O)c12,O=C(Nc1cc(S(=O)(=O)O)cc2cc(S(=O)(=O)O)cc(S(=O)(=O)O)c12)[C@@H]1[C@H](C(=O)Nc2cc(S(=O)(=O)O)cc3cc(S(=O)(=O)O)cc(S(=O)(=O)O)c23)[C@@H]2C=C[C@@H]1C2,Sigma-Aldrich,https://www.sigmaaldrich.com/catalog/product/aldrich/ph002034,28.4665,73.7916,2.422,74.8508143146085,73.13963852494761,77.73777205168669,80.28322616561944,4.205101927786994,10.448519789278231,15.547554410337337,11.469032309374205
CC(C)(C)[Si](C)(C)OCC(N)(CO[Si](C)(C)C(C)(C)C)CO[Si](C)(C)C(C)(C)C,CC(C)(C)[Si](C)(C)OCC(CO[Si](C)(C)C(C)(C)C)(CO[Si](C)(C)C(C)(C)C)NC(=O)[C@@H]1[C@H](C(=O)NC(CO[Si](C)(C)C(C)(C)C)(CO[Si](C)(C)C(C)(C)C)CO[Si](C)(C)C(C)(C)C)[C@@H]2C=C[C@@H]1C2,Ambeed,https://www.ambeed.com/products/102522-47-4.html,-11.2989,-44.6426,-18.6284,101.30409185299476,79.53331142458487,73.39466020195202,68.14519664774619,5.691241115336784,11.361901632083553,14.678932040390404,9.73502809253517
Nc1cc(C(Cl)=C(Cl)Cl)c(S(N)(=O)=O)cc1S(N)(=O)=O,NS(=O)(=O)c1cc(S(N)(=O)=O)c(C(Cl)=C(Cl)Cl)cc1NC(=O)[C@@H]1[C@H](C(=O)Nc2cc(C(Cl)=C(Cl)Cl)c(S(N)(=O)=O)cc2S(N)(=O)=O)[C@@H]2C=C[C@@H]1C2,Sigma-Aldrich,https://www.sigmaaldrich.com/catalog/product/sial/33973?utm_source=pubchem&utm_campaign=pubchem_2017&utm_medium=referral,26.8509,69.5368,6.1252,68.4848657187849,68.09005472548836,72.9257882543617,75.32513864919201,3.847464366223871,9.727150675069765,14.585157650872342,10.760734092741716
CSC(=NC#N)SCSc1sc(C#N)c(N)c1C#N,CSC(=NC#N)SCSc1sc(C#N)c(NC(=O)[C@@H]2[C@H](C(=O)Nc3c(C#N)sc(SCSC(=NC#N)SC)c3C#N)[C@@H]3C=C[C@@H]2C3)c1C#N,Oakwood Products,http://www.oakwoodchemical.com/ProductsList.aspx?CategoryID=-2&txtSearch=17845&ExtHyperLink=1,26.7601,69.3682,2.155,70.47655783507024,67.95886847409983,72.48617774638141,74.88215304249738,3.959357181745519,9.708409782014261,14.497235549276283,10.697450434642482
CN(CCO)S(=O)(=O)c1ccc2c(c1)Cc1cc(S(=O)(=O)N(C)CCO)ccc1-2,CN(CCO)S(=O)(=O)c1ccc2c(c1)Cc1cc(S(=O)(=O)N(C)CCOC(=O)[C@@H]3[C@H](C(=O)OCCN(C)S(=O)(=O)c4ccc5c(c4)Cc4cc(S(=O)(=O)N(C)CCO)ccc4-5)[C@@H]4C=C[C@@H]3C4)ccc1-2,Sigma-Aldrich,https://www.sigmaaldrich.com/catalog/product/aldrich/r605956,30.8778,63.8156,17.8435,61.88989357698073,66.53086897801651,72.39385545037645,75.58141932360095,3.476960313313524,9.50440985400236,14.47877109007529,10.79734561765728
O=C1NC(=O)C(O)(C2(O)C(=O)NC(=O)NC2=O)C(=O)N1,O=C1NC(=O)C(O)(C2(OC(=O)[C@@H]3[C@H](C(=O)OC4(C5(O)C(=O)NC(=O)NC5=O)C(=O)NC(=O)NC4=O)[C@@H]4C=C[C@@H]3C4)C(=O)NC(=O)NC2=O)C(=O)N1,Sigma-Aldrich,https://www.sigmaaldrich.com/catalog/product/aldrich/s432296,25.6461,30.0212,61.3331,31.154876438368365,63.60736817295619,70.79844592849479,73.03031990817239,1.7502739572117059,9.086766881850885,14.159689185698957,10.432902844024627
Nc1c(S(=O)(=O)O)cc2cc(S(=O)(=O)O)cc(O)c2c1O,Nc1c(S(=O)(=O)O)cc2cc(S(=O)(=O)OC(=O)[C@@H]3[C@H](C(=O)OS(=O)(=O)c4cc(O)c5c(O)c(N)c(S(=O)(=O)O)cc5c4)[C@@H]4C=C[C@@H]3C4)cc(O)c2c1O,Sigma-Aldrich,https://www.sigmaaldrich.com/catalog/product/aldrich/ph004677,30.1105,47.5078,43.2097,42.98180843019521,62.688558253719634,69.90700162308494,73.05183964781449,2.4147083387750117,8.955508321959949,13.981400324616988,10.435977092544928
NCC(=O)NCC(=O)NCC(=O)NCC(=O)NCC(=O)O,O=C(O)CNC(=O)CNC(=O)CNC(=O)CNC(=O)CNC(=O)CNC(=O)CNC(=O)CNC(=O)CNC(=O)CNC(=O)[C@H]1[C@@H](C(=O)O)[C@@H]2C=C[C@@H]1C2,Sigma-Aldrich,https://www.sigmaaldrich.com/catalog/product/sigma/g5755?utm_source=pubchem&utm_campaign=pubchem_2017&utm_medium=referral,-8.58,9.471,47.5725,48.88571056300603,67.71077386391327,69.4902885103379,64.530583425613,2.746388233876743,9.672967694844754,13.89805770206758,9.218654775087572
N#CSc1cc(SC#N)c2ccccc2c1N,N#CSc1cc(SC#N)c2ccccc2c1NC(=O)[C@@H]1[C@H](C(=O)Nc2c(SC#N)cc(SC#N)c3ccccc23)[C@@H]2C=C[C@@H]1C2,Sigma-Aldrich,https://www.sigmaaldrich.com/catalog/product/aldrich/s929093,27.6433,64.8276,3.0406,67.19578818408189,64.07638652171329,68.74987119755208,71.449785371826,3.7750442800046007,9.153769503101898,13.749974239510417,10.207112195975142
CC(C)(C)c1cc(SC#N)c(N)c(SC#N)c1,CC(C)(C)c1cc(SC#N)c(NC(=O)[C@@H]2[C@H](C(=O)Nc3c(SC#N)cc(C(C)(C)C)cc3SC#N)[C@@H]3C=C[C@@H]2C3)c(SC#N)c1,Combi-Blocks,https://www.combi-blocks.com/cgi-bin/find.cgi?QB-8292,24.9564,66.2168,4.198,65.81172699511843,63.95259971322511,68.57128298405974,70.73305571004268,3.69728803343362,9.136085673317874,13.714256596811946,10.10472224429181
Cc1cc(N=Nc2c(S(=O)(=O)O)cc3cc(S(=O)(=O)O)cc(N)c3c2O)ccc1O,Cc1cc(N=Nc2c(S(=O)(=O)OC(=O)[C@@H]3[C@H](C(=O)OS(=O)(=O)c4cc5cc(S(=O)(=O)O)cc(N)c5c(O)c4N=Nc4ccc(O)c(C)c4)[C@@H]4C=C[C@@H]3C4)cc3cc(S(=O)(=O)O)cc(N)c3c2O)ccc1O,Sigma-Aldrich,https://www.sigmaaldrich.com/catalog/product/aldrich/s984191,32.0599,45.8672,38.1743,44.788304147065,60.35092997104518,67.48759151407019,71.13578655198802,2.5161968621946627,8.621561424435026,13.497518302814038,10.162255221712574
O=C1c2cc(S(=O)(=O)NCCCO)ccc2-c2ccc(S(=O)(=O)NCCCO)cc21,O=C1c2cc(S(=O)(=O)NCCCO)ccc2-c2ccc(S(=O)(=O)NCCCOC(=O)[C@@H]3[C@H](C(=O)OCCCNS(=O)(=O)c4ccc5c(c4)C(=O)c4cc(S(=O)(=O)NCCCO)ccc4-5)[C@@H]4C=C[C@@H]3C4)cc21,Sigma-Aldrich,https://www.sigmaaldrich.com/catalog/product/aldrich/r293636,29.7316,59.2048,16.7789,57.68999083454599,61.28039492766018,67.14440663592165,70.33520755987004,3.2410107210419095,8.754342132522883,13.428881327184332,10.047886794267148
OCCNC(CO)(CO)CO,O=C([C@@H]1[C@H](C(=O)N(CCO)C(CO)(CO)CO)[C@@H]2C=C[C@@H]1C2)N(CCO)C(CO)(CO)CO,Sigma-Aldrich,https://www.sigmaaldrich.com/catalog/product/aldrich/cds003212?utm_source=pubchem&utm_campaign=pubchem_2017&utm_medium=referral,20.5116,26.8404,60.0983,23.124841475997197,59.4697184564548,66.35633378427413,67.6483341501474,1.2991483975279323,8.495674065207828,13.271266756854825,9.664047735735343
O=S(=O)(O)CCNC(CO)(CO)CO,O=C([C@@H]1[C@H](C(=O)N(CCS(=O)(=O)O)C(CO)(CO)CO)[C@@H]2C=C[C@@H]1C2)N(CCS(=O)(=O)O)C(CO)(CO)CO,Sigma-Aldrich,https://www.sigmaaldrich.com/catalog/product/vetec/v900476?utm_source=pubchem&utm_campaign=pubchem_2017&utm_medium=referral,22.7882,45.0238,46.1205,32.702425348129765,58.65765511550901,65.74671127630644,67.53762065434347,1.8372149071983013,8.379665016501287,13.149342255261288,9.648231522049068
CC(C)(C)C(=O)C(=O)C(O)(O)C(=O)C(C)(C)C,CC(C)(C)C(=O)C(=O)C(O)(OC(=O)[C@@H]1[C@H](C(=O)OC(O)(C(=O)C(=O)C(C)(C)C)C(=O)C(C)(C)C)[C@@H]2C=C[C@@H]1C2)C(=O)C(C)(C)C,Sigma-Aldrich,https://www.sigmaaldrich.com/catalog/product/aldrich/t275700,-13.0266,10.0586,27.6183,59.210811336190964,65.78954794714735,65.60597380643016,59.256879086651196,3.326450075066908,9.39850684959248,13.12119476128603,8.46526844095017
Nc1ccc(S(=O)(=O)O)c2cc(S(=O)(=O)O)cc(O)c12,Nc1ccc(S(=O)(=O)O)c2cc(S(=O)(=O)O)cc(OC(=O)[C@@H]3[C@H](C(=O)Oc4cc(S(=O)(=O)O)cc5c(S(=O)(=O)O)ccc(N)c45)[C@@H]4C=C[C@@H]3C4)c12,Combi-Blocks,https://www.combi-blocks.com/cgi-bin/find.cgi?QC-7207,29.3365,58.6492,11.8761,59.24831542626338,59.75360140485258,65.27305524372213,68.46797018204937,3.328557046419291,8.536228772121797,13.054611048744425,9.781138597435625
O=S(=O)(NCCCO)c1ccc2c(c1)C(=NO)c1cc(S(=O)(=O)NCCCO)ccc1-2,O=C(OCCCNS(=O)(=O)c1ccc2c(c1)C(=NO)c1cc(S(=O)(=O)NCCCO)ccc1-2)[C@@H]1[C@H](C(=O)OCCCNS(=O)(=O)c2ccc3c(c2)C(=NO)c2cc(S(=O)(=O)NCCCO)ccc2-3)[C@@H]2C=C[C@@H]1C2,Sigma-Aldrich,https://www.sigmaaldrich.com/catalog/product/aldrich/r559032,29.9678,58.472,6.9141,62.39632721699251,59.76892411755461,64.91544184683642,68.26043678566671,3.5054116414040735,8.53841773107923,12.983088369367284,9.751490969380958
O=S(=O)(O)CCCNC(CO)(CO)CO,O=C([C@@H]1[C@H](C(=O)N(CCCS(=O)(=O)O)C(CO)(CO)CO)[C@@H]2C=C[C@@H]1C2)N(CCCS(=O)(=O)O)C(CO)(CO)CO,Sigma-Aldrich,https://www.sigmaaldrich.com/catalog/product/vetec/v900367?utm_source=pubchem&utm_campaign=pubchem_2017&utm_medium=referral,22.8058,44.3956,45.3451,32.0793015499091,57.68672072435736,64.78000561847769,66.60072197754316,1.802207952242084,8.240960103479622,12.956001123695538,9.514388853934737
Nc1cc(Cl)c(S(=O)(=O)Cl)cc1S(=O)(=O)Cl,O=C(Nc1cc(Cl)c(S(=O)(=O)Cl)cc1S(=O)(=O)Cl)[C@@H]1[C@H](C(=O)Nc2cc(Cl)c(S(=O)(=O)Cl)cc2S(=O)(=O)Cl)[C@@H]2C=C[C@@H]1C2,Sigma-Aldrich,https://www.sigmaaldrich.com/catalog/product/aldrich/s602078,26.9219,59.2176,8.1372,59.63805037088318,58.30804345920037,63.43687580611139,66.19658550136857,3.3504522680271447,8.32972049417148,12.687375161222278,9.456655071624082
Nc1cccc(S(=O)(=O)N2CCCN(S(=O)(=O)c3ccc4c(c3)OCCO4)CC2)c1,O=C(Nc1cccc(S(=O)(=O)N2CCCN(S(=O)(=O)c3ccc4c(c3)OCCO4)CC2)c1)[C@@H]1[C@H](C(=O)Nc2cccc(S(=O)(=O)N3CCCN(S(=O)(=O)c4ccc5c(c4)OCCO5)CC3)c2)[C@@H]2C=C[C@@H]1C2,Ambeed,https://www.ambeed.com/products/1203494-49-8.html,31.273,55.3774,7.4925,61.296751977653756,58.137592683306046,63.39997557578394,67.10155961682263,3.4436377515535814,8.305370383329436,12.679995115156789,9.585937088117518
CC(=O)C(N)(C(C)=O)C(C)=O,CC(=O)C(NC(=O)[C@@H]1[C@H](C(=O)NC(C(C)=O)(C(C)=O)C(C)=O)[C@@H]2C=C[C@@H]1C2)(C(C)=O)C(C)=O,Sigma-Aldrich,https://www.sigmaaldrich.com/catalog/product/aldrich/r464201,-13.3612,4.207,21.2039,62.577917398791726,64.27120868608277,63.138350991849634,56.42737638744158,3.515613337010771,9.181601240868968,12.627670198369927,8.061053769634512
Nc1cc2oc3cc(=O)c(-c4ccc(O)cc4O)cc-3nc2cc1-c1ccc(O)cc1O,O=C(Nc1cc2oc3cc(=O)c(-c4ccc(O)cc4O)cc-3nc2cc1-c1ccc(O)cc1O)[C@@H]1[C@H](C(=O)Nc2cc3oc4cc(=O)c(-c5ccc(O)cc5O)cc-4nc3cc2-c2ccc(O)cc2O)[C@@H]2C=C[C@@H]1C2,Sigma-Aldrich,https://www.sigmaaldrich.com/catalog/product/aldrich/274720?utm_source=pubchem&utm_campaign=pubchem_2017&utm_medium=referral,33.2738,3.163,53.0281,39.287562464092886,56.7205201348683,63.043028991078785,67.19456037783118,2.207166430567016,8.102931447838328,12.608605798215757,9.59922291111874
Nc1cc(S(=O)(=O)O)cc2cc(S(=O)(=O)O)cc(O)c12,Nc1cc(S(=O)(=O)OC(=O)[C@@H]2[C@H](C(=O)OS(=O)(=O)c3cc(N)c4c(O)cc(S(=O)(=O)O)cc4c3)[C@@H]3C=C[C@@H]2C3)cc2cc(S(=O)(=O)O)cc(O)c12,Sigma-Aldrich,https://www.sigmaaldrich.com/catalog/product/aldrich/528765?utm_source=pubchem&utm_campaign=pubchem_2017&utm_medium=referral,29.3112,49.9304,27.6909,46.12694254695405,56.046986259120125,62.74548660047191,66.05723767105312,2.5914012666828117,8.006712322731447,12.549097320094381,9.436748238721874
CCOc1cc(C2C(C#N)=C(N)SC(N)=C2C#N)ccc1O,CCOc1cc(C2C(C#N)=C(N)SC(N)=C2C#N)ccc1OC(=O)[C@@H]1[C@H](C(=O)Oc2ccc(C3C(C#N)=C(N)SC(N)=C3C#N)cc2OCC)[C@@H]2C=C[C@@H]1C2,Sigma-Aldrich,https://www.sigmaaldrich.com/catalog/product/aldrich/r112399,26.2779,59.0312,5.9844,60.29228383831549,57.681738968585194,62.59975695192434,65.25283971169377,3.3872069572087353,8.2402484240836,12.519951390384868,9.32183424452768
O=C(O)CNC(CO)(CO)CO,O=C(O)CN(C(=O)CN(C(=O)[C@H]1[C@@H](C(=O)O)[C@@H]2C=C[C@@H]1C2)C(CO)(CO)CO)C(CO)(CO)CO,Sigma-Aldrich,https://www.sigmaaldrich.com/catalog/product/vetec/v900412?utm_source=pubchem&utm_campaign=pubchem_2017&utm_medium=referral,20.4782,24.7868,56.5561,19.482662610895876,55.42269194481625,62.31217635751459,63.67872079753173,1.0945316073537008,7.917527420688036,12.462435271502917,9.096960113933104
N#CSc1cc(S(N)(=O)=O)ccc1N,N#CSc1cc(S(N)(=O)=O)ccc1NC(=O)[C@@H]1[C@H](C(=O)Nc2ccc(S(N)(=O)=O)cc2SC#N)[C@@H]2C=C[C@@H]1C2,Sigma-Aldrich,https://www.sigmaaldrich.com/catalog/product/aldrich/ph008161,25.3706,59.1418,3.0226,61.59256477400499,57.332799647671145,61.93538371109039,64.41323649250982,3.4602564479778084,8.190399949667306,12.387076742218078,9.201890927501404
N#CC(C#N)=C(C#N)c1ccc(N(CCO)CCO)cc1,N#CC(C#N)=C(C#N)c1ccc(N(CCO)CCOC(=O)[C@@H]2[C@H](C(=O)OCCN(CCO)c3ccc(C(C#N)=C(C#N)C#N)cc3)[C@@H]3C=C[C@@H]2C3)cc1,Sigma-Aldrich,https://www.sigmaaldrich.com/catalog/product/aldrich/572128?utm_source=pubchem&utm_campaign=pubchem_2017&utm_medium=referral,25.1126,57.7878,11.4861,55.365377060849134,56.157144310319055,61.498032465193546,63.93473920405087,3.1104144416207378,8.022449187188437,12.29960649303871,9.133534172007268
COC(=O)C1=C(C(=O)OC)SC(=C2C(=S)C(C)(C)Nc3cc(OC)ccc32)S1,COC(=O)C1=C(C(=O)OC)SC(=C2C(=S)C(C)(C)N(C(=O)[C@@H]3[C@H](C(=O)N4c5cc(OC)ccc5C(=C5SC(C(=O)OC)=C(C(=O)OC)S5)C(=S)C4(C)C)[C@@H]4C=C[C@@H]3C4)c3cc(OC)ccc32)S1,Combi-Blocks,https://www.combi-blocks.com/cgi-bin/find.cgi?QY-9632,27.4387,56.609,6.4681,59.187381842500855,56.131934309891726,61.177591889269394,64.15085587402557,3.3251338113764524,8.01884775855596,12.235518377853879,9.164407982003652
Nc1c(S(=O)(=O)O)cc2cc(S(=O)(=O)O)cc(O)c2c1O,O=C(Nc1c(S(=O)(=O)O)cc2cc(S(=O)(=O)O)cc(O)c2c1O)[C@@H]1[C@H](C(=O)Nc2c(S(=O)(=O)O)cc3cc(S(=O)(=O)O)cc(O)c3c2O)[C@@H]2C=C[C@@H]1C2,Sigma-Aldrich,https://www.sigmaaldrich.com/catalog/product/aldrich/ph004677,28.3989,44.2092,34.2207,39.071223911851035,53.84289124824186,60.91833219951118,64.11966561024785,2.1950125793174737,7.691841606891694,12.183666439902236,9.159952230035406
CN(C)S(=O)(=O)c1ccc2c(c1)N(CCCN1CCC(CCO)CC1)c1ccccc1S2,CN(C)S(=O)(=O)c1ccc2c(c1)N(CCCN1CCC(CCOC(=O)[C@@H]3[C@H](C(=O)OCCC4CCN(CCCN5c6ccccc6Sc6ccc(S(=O)(=O)N(C)C)cc65)CC4)[C@@H]4C=C[C@@H]3C4)CC1)c1ccccc1S2,Sigma-Aldrich,https://www.sigmaaldrich.com/catalog/product/aldrich/cds021619?utm_source=pubchem&utm_campaign=pubchem_2017&utm_medium=referral,32.3337,50.7162,3.0247,62.299739608524845,55.161557585786134,60.07994586623727,64.2122297953435,3.4999853712654407,7.880222512255162,12.015989173247453,9.173175685049072
C[Si](C)(C)[Si](NC12CC3CC(CC(C3)C1)C2)([Si](C)(C)C)[Si](C)(C)C,C[Si](C)(C)[Si](N(C(=O)[C@@H]1[C@H](C(=O)N(C23CC4CC(CC(C4)C2)C3)[Si]([Si](C)(C)C)([Si](C)(C)C)[Si](C)(C)C)[C@@H]2C=C[C@@H]1C2)C12CC3CC(CC(C3)C1)C2)([Si](C)(C)C)[Si](C)(C)C,Ambeed,https://www.ambeed.com/products/2451224-01-2.html,15.5062,-50.0394,-33.0624,100.20326262093465,66.46475486962996,59.99653589900004,60.23755373419475,5.6293967764570025,9.494964981375707,11.999307179800008,8.605364819170678
CCOc1ccc2c(c1)C(=C1SC(C(=O)OC)=C(C(=O)OC)S1)C(=S)C(C)(C)N2,CCOc1ccc2c(c1)C(=C1SC(C(=O)OC)=C(C(=O)OC)S1)C(=S)C(C)(C)N2C(=O)[C@@H]1[C@H](C(=O)N2c3ccc(OCC)cc3C(=C3SC(C(=O)OC)=C(C(=O)OC)S3)C(=S)C2(C)C)[C@@H]2C=C[C@@H]1C2,Combi-Blocks,https://www.combi-blocks.com/cgi-bin/find.cgi?QY-7451,27.1291,54.9288,4.2021,59.22706578153269,54.348425930195994,59.19382012583746,62.190243777380395,3.3273632461535216,7.764060847170856,11.838764025167492,8.88432053962577
CC(C)(C)OC(=O)/N=C(\N)NC(=O)OC(C)(C)C,CC(C)(C)OC(=O)/N=C(/NC(=O)OC(C)(C)C)NC(=O)[C@@H]1[C@H](C(=O)N/C(=N\C(=O)OC(C)(C)C)NC(=O)OC(C)(C)C)[C@@H]2C=C[C@@H]1C2,Sigma-Aldrich,https://www.sigmaaldrich.com/catalog/product/aldrich/496871?utm_source=pubchem&utm_campaign=pubchem_2017&utm_medium=referral,-12.9322,3.6476,8.3308,67.3798806897133,61.530070711482196,59.16750190569143,52.0648242267272,3.7853865556018707,8.790010101640314,11.833500381138286,7.4378320323896
N#Cc1c(N)nc(SCC(N)=O)c(C#N)c1-c1ccc(OCC2CC2)cc1,N#Cc1c(NC(=O)[C@@H]2[C@H](C(=O)Nc3nc(SCC(N)=O)c(C#N)c(-c4ccc(OCC5CC5)cc4)c3C#N)[C@@H]3C=C[C@@H]2C3)nc(SCC(N)=O)c(C#N)c1-c1ccc(OCC2CC2)cc1,Sigma-Aldrich,https://www.sigmaaldrich.com/catalog/product/sigma/sml1958?utm_source=pubchem&utm_campaign=pubchem_2017&utm_medium=referral,29.2043,52.967,5.1489,59.14384730612306,54.11031319600728,59.14472160869472,62.622535354056055,3.3226880509057897,7.730044742286755,11.828944321738943,8.946076479150864
O=S(=O)(O)c1cc(S(=O)(=O)O)c(O)cc1O,O=C(Oc1cc(O)c(S(=O)(=O)O)cc1S(=O)(=O)O)[C@@H]1[C@H](C(=O)Oc2cc(O)c(S(=O)(=O)O)cc2S(=O)(=O)O)[C@@H]2C=C[C@@H]1C2,Oakwood Products,http://www.oakwoodchemical.com/ProductsList.aspx?CategoryID=-2&txtSearch=146611&ExtHyperLink=1,26.2461,52.4424,18.5549,48.51590412029853,53.02962787546222,59.07782369561357,61.87468733343224,2.7256125910280073,7.5756611250660315,11.815564739122713,8.839241047633177
Cc1cc(N=Nc2c(S(=O)(=O)O)cc3cc(S(=O)(=O)O)cc(N)c3c2O)ccc1O,Cc1cc(N=Nc2c(S(=O)(=O)O)cc3cc(S(=O)(=O)O)cc(NC(=O)[C@@H]4[C@H](C(=O)Nc5cc(S(=O)(=O)O)cc6cc(S(=O)(=O)O)c(N=Nc7ccc(O)c(C)c7)c(O)c56)[C@@H]5C=C[C@@H]4C5)c3c2O)ccc1O,Sigma-Aldrich,https://www.sigmaaldrich.com/catalog/product/aldrich/s984191,30.5039,42.5686,29.1853,42.1705338226824,51.97894153299008,58.91409460298953,62.70393020289877,2.3691311136338427,7.425563076141439,11.782818920597906,8.957704314699823
O=C(O)c1cc(NCc2cc(O)ccc2O)ccc1O,O=C(O)c1cc(N(Cc2cc(O)ccc2O)C(=O)c2cc(N(Cc3cc(O)ccc3O)C(=O)[C@H]3[C@@H](C(=O)O)[C@@H]4C=C[C@@H]3C4)ccc2O)ccc1O,Sigma-Aldrich,https://www.sigmaaldrich.com/catalog/product/sigma/l1289?utm_source=pubchem&utm_campaign=pubchem_2017&utm_medium=referral,25.7118,6.8142,55.4003,25.944560483654374,52.4301327357656,58.90631951403856,61.58615362798687,1.4575595777333918,7.490018962252229,11.781263902807712,8.798021946855267
CC(C)(C)OC(=O)NC(=NCCCN)NC(=O)OC(C)(C)C,CC(C)(C)OC(=O)NC(=NCCCNC(=O)[C@@H]1[C@H](C(=O)NCCCN=C(NC(=O)OC(C)(C)C)NC(=O)OC(C)(C)C)[C@@H]2C=C[C@@H]1C2)NC(=O)OC(C)(C)C,Ambeed,https://www.ambeed.com/products/214151-16-3.html,-12.8136,-1.2948,7.6342,68.61098728716851,61.484231934049554,58.73980197889672,51.611361699920295,3.8545498475937365,8.783461704864221,11.747960395779344,7.373051671417185
N#CCCN(CCC#N)S(=O)(=O)c1ccc(N)cc1,N#CCCN(CCC#N)S(=O)(=O)c1ccc(NC(=O)[C@@H]2[C@H](C(=O)Nc3ccc(S(=O)(=O)N(CCC#N)CCC#N)cc3)[C@@H]3C=C[C@@H]2C3)cc1,Sigma-Aldrich,https://www.sigmaaldrich.com/catalog/product/aldrich/s195073,23.4121,56.6774,3.4697,58.41958896200828,53.995914053657806,58.537973611067194,60.69071456565658,3.2819993798881053,7.713702007665401,11.70759472221344,8.670102080808082
CC(C)(C)OC(=O)NC(=NCCN)NC(=O)OC(C)(C)C,CC(C)(C)OC(=O)NC(=NCCNC(=O)[C@@H]1[C@H](C(=O)NCCN=C(NC(=O)OC(C)(C)C)NC(=O)OC(C)(C)C)[C@@H]2C=C[C@@H]1C2)NC(=O)OC(C)(C)C,Sigma-Aldrich,https://www.sigmaaldrich.com/catalog/product/aldrich/84190?utm_source=pubchem&utm_campaign=pubchem_2017&utm_medium=referral,-12.8533,-1.0226,3.3905,70.84741762809708,61.540077872635166,58.4140462951335,51.22914955930852,3.9801920015784873,8.791439696090737,11.682809259026701,7.318449937044074
O=S(=O)(O)c1cc(O)c2c(O)cc(S(=O)(=O)O)cc2c1,O=C(OS(=O)(=O)c1cc(O)c2c(O)cc(S(=O)(=O)O)cc2c1)[C@@H]1[C@H](C(=O)OS(=O)(=O)c2cc(O)c3c(O)cc(S(=O)(=O)O)cc3c2)[C@@H]2C=C[C@@H]1C2,Sigma-Aldrich,https://www.sigmaaldrich.com/catalog/product/aldrich/s563692,27.9073,41.5228,33.8205,36.59343675100768,51.246032561067594,58.36854283987223,61.58747464582389,2.0558110534273975,7.320861794438228,11.673708567974446,8.798210663689128
CNS(=O)(=O)c1cc(S(N)(=O)=O)c(Cl)cc1N,CNS(=O)(=O)c1cc(S(N)(=O)=O)c(Cl)cc1NC(=O)[C@@H]1[C@H](C(=O)Nc2cc(Cl)c(S(N)(=O)=O)cc2S(=O)(=O)NC)[C@@H]2C=C[C@@H]1C2,Sigma-Aldrich,https://www.sigmaaldrich.com/catalog/product/aldrich/ph005933,25.7244,53.2332,14.4049,50.81929955922257,52.57610034692569,58.279944987019334,60.9902837154411,2.8550168291698075,7.510871478132242,11.655988997403867,8.712897673634442
O=S(=O)([O-])c1cc(O)c2c(O)cc(S(=O)(=O)[O-])cc2c1,O=C(Oc1cc(S(=O)(=O)[O-])cc2cc(S(=O)(=O)[O-])cc(O)c12)[C@@H]1[C@H](C(=O)Oc2cc(S(=O)(=O)[O-])cc3cc(S(=O)(=O)[O-])cc(O)c23)[C@@H]2C=C[C@@H]1C2,Thermo Fisher Scientific,https://www.thermofisher.com/order/catalog/product/022414.22,27.9345,50.2416,18.0057,48.797206313988916,52.10344311127624,58.2225898088534,61.45554136162174,2.741416085055557,7.443349015896606,11.64451796177068,8.77936305166025
O=S(=O)(CCO)CCS(=O)(=O)CCO,O=C(OCCS(=O)(=O)CCS(=O)(=O)CCO)[C@@H]1[C@H](C(=O)OCCS(=O)(=O)CCS(=O)(=O)CCO)[C@@H]2C=C[C@@H]1C2,Ambeed,https://www.ambeed.com/products/7484-34-6.html,22.4908,54.2396,16.6345,48.129720931769384,52.40292775189189,58.06844941076005,60.01732963878016,2.703916906279179,7.486132535984555,11.613689882152011,8.57390423411145
COc1ccc2c(c1)N(C)/C(=C1\SC(=S)N(N)C1=O)S2,COc1ccc2c(c1)N(C)/C(=C1\SC(=S)N(NC(=O)[C@@H]3[C@H](C(=O)NN4C(=O)/C(=C5\Sc6ccc(OC)cc6N5C)SC4=S)[C@@H]4C=C[C@@H]3C4)C1=O)S2,Sigma-Aldrich,https://www.sigmaaldrich.com/catalog/product/aldrich/l203440,30.2154,47.2124,18.2635,49.174579150715665,51.53095724562081,57.767807424637475,61.56072688532844,2.762616806219981,7.361565320802973,11.553561484927496,8.794389555046921
CCN(CC)c1ccc(N=Nc2c(S(=O)(=O)O)cc3cc(S(=O)(=O)O)cc(O)c3c2O)cc1,CCN(CC)c1ccc(N=Nc2c(S(=O)(=O)OC(=O)[C@@H]3[C@H](C(=O)OS(=O)(=O)c4cc5cc(S(=O)(=O)O)cc(O)c5c(O)c4N=Nc4ccc(N(CC)CC)cc4)[C@@H]4C=C[C@@H]3C4)cc3cc(S(=O)(=O)O)cc(O)c3c2O)cc1,Sigma-Aldrich,https://www.sigmaaldrich.com/catalog/product/aldrich/s981796,29.9274,40.8042,30.1091,39.95579887187841,50.555149129341906,57.57051991679422,61.3080246255741,2.2447078017909217,7.222164161334558,11.514103983358844,8.758289232224872
O=S(=O)(O)c1ccc(N=Nc2ccc(O)c3cc(S(=O)(=O)O)ccc23)cc1,O=C(Oc1ccc(N=Nc2ccc(S(=O)(=O)O)cc2)c2ccc(S(=O)(=O)O)cc12)[C@@H]1[C@H](C(=O)Oc2ccc(N=Nc3ccc(S(=O)(=O)O)cc3)c3ccc(S(=O)(=O)O)cc23)[C@@H]2C=C[C@@H]1C2,Sigma-Aldrich,https://www.sigmaaldrich.com/catalog/product/aldrich/s873373,29.2997,51.1118,4.6296,58.42623054553494,52.523176367771214,57.53101855312489,61.12323171888084,3.2823725025581427,7.503310909681602,11.506203710624977,8.731890245554405
O=S(=O)(O)c1ccc2cc(N=Nc3cc(S(=O)(=O)O)c4cccnc4c3O)ccc2c1,O=C(Oc1c(N=Nc2ccc3cc(S(=O)(=O)O)ccc3c2)cc(S(=O)(=O)O)c2cccnc12)[C@@H]1[C@H](C(=O)Oc2c(N=Nc3ccc4cc(S(=O)(=O)O)ccc4c3)cc(S(=O)(=O)O)c3cccnc23)[C@@H]2C=C[C@@H]1C2,Ambeed,https://www.ambeed.com/products/56990-57-9.html,31.4364,48.6318,4.2042,59.43062955008973,52.40628443917771,57.438399078665135,61.538102089030986,3.3387994129263894,7.486612062739673,11.487679815733028,8.79115744129014
